{"type":"FeatureCollection","features":[{"type":"Feature","geometry":{"type":"Polygon","coordinates":[[[95.93750118309376,34.98333328093687],[95.94804254212397,34.98389962438121],[95.95195757928171,34.98693179377027],[95.96054582390443,34.98806886642125],[95.9659190256115,34.99223364255447],[95.9688754656852,34.99110104082733],[95.97279055887184,34.98806883443655],[95.97720947926243,34.98693179797836],[95.9811245457434,34.983899640097775],[95.98554358910862,34.982766959397196],[95.98945419039262,34.97973481770098],[96.00637648425617,34.978597713393505],[96.01029157467742,34.975565538052194],[96.01471056030117,34.97443293020665],[96.01862118183854,34.971400772628385],[96.03554343613122,34.97026811147743],[96.03945410341082,34.96723597312319],[96.04387754759551,34.966098857228396],[96.04778810324208,34.96306668896622],[96.06160240365658,34.961840452031794],[96.06249874683026,34.958331140792374],[96.09479598333864,34.958915236604284],[96.10359825407038,34.96862276920846],[96.10473532006135,34.973041691086166],[96.10890016098529,34.97841940969416],[96.10776754525533,34.9897098178329],[96.10359825407038,34.995087484926366],[96.10490477016565,35.003287751995785],[96.10833381008057,35.004166217090244],[96.11075957507977,35.003813917047474],[96.12291507004572,34.99168074020962],[96.12708429934665,34.99581878566594],[96.13091023721024,34.992019615617586],[96.1357572579582,34.99131510817452],[96.14828289089763,34.97881180524985],[96.15659020112462,34.97952075054316],[96.16007723167021,34.982981069230476],[96.16666780954202,34.983333331755354],[96.17325836406518,34.98368556023666],[96.17674091520271,34.987145863171484],[96.17916662811848,34.98749807253659],[96.18013875313616,34.98410023536861],[96.19133556449978,34.98247273692397],[96.19521496482982,34.977161926679585],[96.19645007351365,34.96867174718354],[96.20354900655421,34.96049380774002],[96.20478420088395,34.956172945870826],[96.20771381711685,34.95215971739754],[96.20913624291451,34.9424031794198],[96.21666766826665,34.94166747280813],[96.22713321959317,34.94102537257791],[96.23119989406122,34.93814479781154],[96.26574899191726,34.93685606564709],[96.26666760216794,34.945832294979915],[96.29409104078854,34.94547998591685],[96.29757357779641,34.942019737591664],[96.308333417444,34.94166745366444],[96.31492396289136,34.9413151569639],[96.31912001998951,34.93714591704788],[96.32742283864049,34.93785492422206],[96.33161884355208,34.94201972286595],[96.33575686696163,34.941315205799164],[96.33995286364019,34.93714593570908],[96.34825577339714,34.93785489730047],[96.35208167032437,34.94165406223173],[96.35590755769874,34.93785490199238],[96.3791662125743,34.93749816548924],[96.37952293863415,34.93504125602728],[96.38507458194664,34.92952083563768],[96.39409083661062,34.92881184241311],[96.39757342384544,34.92535161873623],[96.4024248867421,34.92464705534981],[96.40590744864082,34.92118681196435],[96.41075898633179,34.92047779971724],[96.41841076126103,34.912852738891445],[96.42083209023352,34.91250045580886],[96.4271595612039,34.91188067026946],[96.43117272271807,34.908951023470884],[96.43549360581471,34.907715876258045],[96.44071969800711,34.903898863401054],[96.44228481398325,34.914658674547596],[96.44938371840291,34.922841170889335],[96.44999903397962,34.937498174249946],[96.45637553298145,34.93806894147875],[96.46041551626172,34.94119923600912],[96.46445543282844,34.938068990205764],[96.46998025513116,34.93665099192128],[96.47171931369998,34.92987310858544],[96.48137775366362,34.92859786277952],[96.4852883783053,34.925565656235705],[96.49166486029002,34.924999366276644],[96.49387659350306,34.92443306048279],[96.49779173294365,34.921400880121396],[96.50221066022675,34.920268225209924],[96.51029055858714,34.913066748921786],[96.51581539602228,34.91164882603682],[96.51666711645984,34.908331244427615],[96.53333517560799,34.90833123334731],[96.53297847450712,34.89341108635992],[96.52881363679282,34.88921509340479],[96.52952715700803,34.88504576087942],[96.54340829065374,34.87118693315246],[96.55242461659444,34.87047790961294],[96.55590714394552,34.867022084125495],[96.58159161588817,34.86631311503139],[96.58507410866575,34.86285282137633],[96.58749986014531,34.862500556982525],[96.58846749797746,34.866268504788096],[96.59362220700916,34.87026390363511],[96.59960188781203,34.871802268395754],[96.60359729082094,34.876956969628466],[96.6048680818129,34.886566361726366],[96.61862445866949,34.899430859587774],[96.62441678609544,34.900920227169074],[96.63276420572335,34.910288780773236],[96.6339012959867,34.91471216368618],[96.63693347229967,34.918622833041645],[96.63835152666705,34.924147648478815],[96.64387630220509,34.92556567302909],[96.65612104020686,34.93693188220945],[96.65833269643356,34.937498214809814],[96.65889905971818,34.943879200695854],[96.6798612764326,34.965777781987796],[96.68554212717869,34.96723594739554],[96.69362207884872,34.97443294807048],[96.69804543696877,34.97556556709374],[96.70320022966624,34.97956088956421],[96.70506408745972,34.98682477217478],[96.71741134337692,34.988068833789704],[96.72278901828678,34.983899613867514],[96.72721241850319,34.9827669748566],[96.73124793946668,34.97963673080705],[96.73528787719628,34.982766959715406],[96.73971131693017,34.983899644313055],[96.74517815550838,34.98846124311057],[96.74639996811284,35.002208652740656],[96.75360137255447,35.01028859931393],[96.75416775684272,35.01250029403725],[96.75637493853078,35.01306659408017],[96.76029007147183,35.01609874161241],[96.76470901242222,35.017235835455324],[96.7686241590901,35.020268003714364],[96.78137719040849,35.02140066487604],[96.78675479122153,35.025565444180685],[96.81054415831235,35.024432810297206],[96.81592180351282,35.02026805558964],[96.82721224949276,35.021400675438514],[96.83258546578216,35.025565460595615],[96.84493716103756,35.02432580639099],[96.84583349614239,35.02083437068047],[96.84999828682307,35.020834362506406],[96.84999828682307,35.024999141063766],[96.85416751563447,35.024999130673976],[96.85478288086367,35.03132656806243],[96.87122801027073,35.048922183825134],[96.87715864231325,35.05061665224751],[96.88217512391701,35.05428202292689],[96.88394984060885,35.060493550876586],[96.88688390874249,35.06450679058526],[96.88842678634482,35.06990678320084],[96.89382673507562,35.071449625337976],[96.89783994588103,35.074383674696904],[96.903239934031,35.07592653628154],[96.9050948832427,35.082405654902956],[96.91049489608373,35.08395289342232],[96.91450806326078,35.08688254868077],[96.92426459113257,35.08830053621726],[96.92500034891016,35.095832004628136],[96.92278859613684,35.09640274555553],[96.91887802093449,35.09943491373606],[96.90921956409467,35.10071020376465],[96.90776593203762,35.10637776621421],[96.90377053403857,35.11153248904871],[96.89647104703496,35.113405319789756],[96.89526704220556,35.13137549950724],[96.88649602603166,35.14104723991097],[96.8644546613217,35.14223337983787],[96.85929996359062,35.14622869014996],[96.85833234745128,35.1500011005516],[96.85416751563446,35.150001144570886],[96.85416751563447,35.1666647931578],[96.86585930149008,35.1673559845271],[96.86728622819841,35.17716149489859],[96.87021578455307,35.18117469202409],[96.87145099662061,35.18549555165746],[96.87438065784957,35.18950876615813],[96.87561578495692,35.20215919274851],[96.87854988845707,35.20617241000932],[96.87995892361705,35.21587099109397],[96.88966193314275,35.217284478756845],[96.89367513425829,35.220214092707394],[96.89799155633969,35.22144932673202],[96.90300807930491,35.22511471935727],[96.9050948832427,35.232405305224454],[96.91157398583958,35.23426025774534],[96.91250144897526,35.23750207947328],[96.91461066377194,35.238166487495214],[96.91872194015632,35.240998017579734],[96.92500034891016,35.24298678259273],[96.93266552870936,35.25205653614864],[96.9340032388951,35.260444127709846],[96.95766322279297,35.285388359648465],[96.95970104281987,35.291822799770614],[96.96458821671851,35.295185019733694],[96.9770558763448,35.284001611400505],[96.98127868011174,35.28266380580586],[96.98538994418719,35.27983676316786],[96.98960828078833,35.278499058868874],[96.99788883817168,35.271502680662785],[97.02846039376702,35.27010252672394],[97.02916491462827,35.24583167018112],[97.0397107376112,35.2464024113788],[97.07411715113426,35.279890302313206],[97.0755663239916,35.2855444412486],[97.0785985669293,35.289455028436],[97.07973557053722,35.29387848669712],[97.08276775725679,35.29778910029086],[97.08390039903887,35.30221253827645],[97.08693261135012,35.30612317326147],[97.08806524191287,35.310542169451615],[97.09109739763734,35.31445724675169],[97.09251541213827,35.31998203785786],[97.09804465160084,35.321400061044464],[97.10195532541647,35.32443224654356],[97.1063787485389,35.32556932946492],[97.11028933642115,35.328601531723855],[97.1158142189031,35.330019478653654],[97.11666586516516,35.33333258062348],[97.11909166691343,35.33368489703452],[97.12464323573514,35.33920973337277],[97.12499990691462,35.341666637701536],[97.11445418642687,35.34223295231881],[97.11054351860902,35.34526518392583],[97.10612458222492,35.346402191804714],[97.1022094758347,35.34943439855895],[97.0966846530979,35.350852436629374],[97.09526663193932,35.35637725233383],[97.07140152483161,35.38112083137417],[97.07083526690722,35.387501747219574],[97.06424022354747,35.38785406176402],[97.06075768429315,35.39131427294039],[97.05416708776262,35.391666539856416],[97.05360081262332,35.393878285085535],[97.0505686436676,35.39778887670761],[97.04943156474462,35.40221232394733],[97.04109746474087,35.411563038979054],[97.04231037225996,35.42826237511598],[97.04583304925426,35.42916760588386],[97.04548082236312,35.431588867661574],[97.03995595394608,35.43714050635018],[97.0350777222376,35.43785392538465],[97.03159072528514,35.44131423026675],[97.02674362207172,35.44201875314754],[97.01492256506171,35.45381302730186],[97.01007553422458,35.454522015604304],[97.0045195088404,35.46004683838437],[97.00416725566409,35.4666686375112],[97.00174146627818,35.46702089854731],[96.99408964161225,35.474645994392105],[96.98162204069554,35.47535499778],[96.97742601657812,35.471185717264056],[96.96911868797292,35.47048117028988],[96.9649226401399,35.47464599197193],[96.9566198374693,35.47535498027473],[96.95242384857183,35.471185745855045],[96.93995167751712,35.470481163011954],[96.93575568700109,35.47464594907175],[96.93333438039755,35.47499823993569],[96.93112267453799,35.47443193121058],[96.92721201239814,35.471399744547476],[96.92278859613684,35.47026710056473],[96.9050636899919,35.45348752076481],[96.90360114437014,35.44778883438966],[96.8963996640264,35.439708886359675],[96.89526704220556,35.4352899350145],[96.89074550921461,35.429872104859484],[96.88112278974714,35.42860129810398],[96.8772121638233,35.425569123478226],[96.87144207715201,35.424088664369705],[96.87083121919419,35.40833471433221],[96.86840985570306,35.40797792993516],[96.86492284408105,35.404522173536655],[96.86078483677497,35.40381316941631],[96.8565932597821,35.40797794966688],[96.84757695964761,35.40868699517651],[96.84408991565591,35.41214719175294],[96.83749939655371,35.4124995108482],[96.83507362646972,35.4121472224898],[96.82952650943966,35.40662236073781],[96.82881308710932,35.40174416170654],[96.82118803604804,35.39409229582903],[96.8208312878273,35.39166658700766],[96.8144547944374,35.39110028619419],[96.8093000443809,35.387104876658846],[96.80744503607863,35.379876725574086],[96.79779111679676,35.378601404176095],[96.78841805192202,35.37024949612837],[96.78693319415824,35.364457100097866],[96.77973176060576,35.35637720283723],[96.77859912184982,35.35195830151224],[96.77140212700311,35.343878373244586],[96.77026505841766,35.33945498287385],[96.76723289137527,35.335544320577576],[96.76666655617738,35.333332605591465],[96.76007604331416,35.33298035311931],[96.75625012346552,35.32918117122993],[96.75242418472853,35.332980314592724],[96.74757712798669,35.33368488088322],[96.73992535938238,35.34131440022138],[96.73749955921261,35.34166666027816],[96.73693332090315,35.33945496088994],[96.73390108242151,35.33554435683152],[96.73241624960687,35.32976083503111],[96.70833257990763,35.32916781338016],[96.70776635257205,35.32695612506772],[96.7005693240642,35.31887617955478],[96.69928953568059,35.309222286257445],[96.69237351978495,35.30744752448781],[96.6909643908402,35.29675462221448],[96.68554212717869,35.292233078602074],[96.67974974503896,35.29074818048774],[96.67140232850039,35.28137518472968],[96.67083161293885,35.27916789570578],[96.6633982529325,35.27850349609512],[96.66193119468514,35.272791362438454],[96.65889905971818,35.26887625968614],[96.65776641970658,35.26445733270569],[96.65056943950506,35.256377436050194],[96.64943237972074,35.25195401570645],[96.64640018293355,35.24804338650098],[96.64526751892764,35.23945512057122],[96.64223535599633,35.23554455585325],[96.64109828090933,35.231121116213856],[96.6380660705829,35.22721050022403],[96.63693347229967,35.22279146904178],[96.6339012959867,35.218876373881095],[96.63333499038983,35.21666466924043],[96.6217413388125,35.21728896453437],[96.62083164211407,35.22083391803365],[96.62047942341565,35.22325969359773],[96.61495902976894,35.228806818094306],[96.61250207922869,35.22916799596518],[96.60416797830098,35.22916796948444],[96.59757747183792,35.229520235339464],[96.59409046720198,35.2329805134216],[96.58333511954825,35.2333327904392],[96.56862453058527,35.23389911900782],[96.56346980599989,35.23789448238867],[96.56193141835374,35.24387859771982],[96.55735638031314,35.249367742324665],[96.53945752713135,35.250567214719645],[96.53554242014103,35.25359943204797],[96.53112344943715,35.254732054002424],[96.52720836771549,35.25776423193815],[96.51445540139412,35.25890130037636],[96.51054476557213,35.26193346048802],[96.5061212700968,35.26306612001613],[96.50221066022675,35.26609824067468],[96.49779173294365,35.26723533110862],[96.48971180174132,35.27443235755385],[96.48675544342778,35.275569386174325],[96.48123948437531,35.27129315652873],[96.46887886257382,35.28276635960258],[96.46334958313963,35.2841843641671],[96.46165067797207,35.29081505349656],[96.45833309044855,35.29166673150829],[96.45776680154104,35.29387845570191],[96.45473462024177,35.29778908422406],[96.45359755932726,35.302212547634674],[96.45056533447558,35.306123148758594],[96.44929006804477,35.31577709707156],[96.445834288228,35.31666451431364],[96.43924370447898,35.31702123459625],[96.43575669633441,35.320481508744024],[96.4309096513432,35.32118598445163],[96.42742261691215,35.32464631412646],[96.41841076126103,35.325355314567545],[96.41075898633179,35.33298032575736],[96.38507458194664,35.33368489577618],[96.3815919573149,35.33714513662986],[96.37745390701511,35.33785413831899],[96.37325791267055,35.33368488636505],[96.36424164891277,35.33298033524457],[96.3607590451618,35.32952004190235],[96.35590755769874,35.32881556858005],[96.35242501171814,35.32535529817841],[96.3434087450606,35.3246463134444],[96.3399261645674,35.32118601390424],[96.32328926167524,35.320481497533876],[96.31909324869686,35.32464627215432],[96.31495519397991,35.32535528363964],[96.31075917370087,35.32118604888225],[96.30416858184104,35.32083374870736],[96.28924400177524,35.32118597816976],[96.28159219939533,35.32881555037943],[96.27916644403714,35.329167767642836],[96.26424186181028,35.32881557549748],[96.25658997582586,35.3211859977477],[96.2441223347685,35.32048144516787],[96.23992631127473,35.324646266772305],[96.22916656395176,35.324998518983826],[96.22674075074903,35.3253552876383],[96.22291485664081,35.32914993300669],[96.21875007531101,35.32501636440028],[96.21492418919566,35.32881555898488],[96.20245205743524,35.32952007184043],[96.19409128432751,35.32118604993037],[96.19166547041971,35.32083373192059],[96.18750068934162,35.32083374771154],[96.18714846270265,35.3059091105946],[96.18368815132058,35.30242661520625],[96.18333141336625,35.291666783258236],[96.18244407004246,35.288206487949566],[96.17279015934223,35.2869312362209],[96.16887502255473,35.28389903922721],[96.16320751448144,35.2824453490609],[96.16193220685906,35.27279141810541],[96.15890005863477,35.26887631926529],[96.15741511138921,35.263088347003794],[96.12916675560744,35.26249982107531],[96.11757750475181,35.261875536440506],[96.11666790235053,35.258334998993796],[96.11702013010982,35.24341038077052],[96.12048041442925,35.23992335668617],[96.12118944423591,35.226711052667675],[96.12674099078149,35.2211861871072],[96.12916675560744,35.220833951142644],[96.1316236740882,35.220477249761124],[96.13785303118753,35.214216677794205],[96.13714850044911,35.210074142266805],[96.12951897420893,35.202422300843565],[96.12881445814956,35.18090711924164],[96.12535418928688,35.17742457336066],[96.12500191369986,35.16666475239433],[96.1102913609237,35.166098456672735],[96.10513663299481,35.16210313736731],[96.10325936155387,35.15479017006438],[96.09166570994758,35.15416590164119],[96.09075156160316,35.15773763735076],[96.04674917843636,35.1589282329],[96.04526428086548,35.16471168792887],[96.04148746525826,35.16958546442601],[96.03675183509293,35.171400311098296],[96.0313786648473,35.16723556850516],[96.02584933242935,35.1658175339056],[96.02443139145306,35.16028828636082],[96.0213991819499,35.15637760504186],[96.02026657252568,35.147789414104956],[96.01151335661787,35.13813547093259],[95.99489427055492,35.136931515647],[95.98554358910863,35.14526556553296],[95.98333184874598,35.14583183568053],[95.97984480182137,35.14478400768619],[95.97848037378014,35.104946353017446],[95.96352894136005,35.10342133796377],[95.96153577094753,35.096799589572285],[95.95488720876345,35.09479749125974],[95.95352277796754,35.077032408532034],[95.94647740452137,35.06880088140702],[95.94518871625432,35.06186702176954],[95.95352277796754,35.052132754148076],[95.95481140176555,35.04968027537884],[95.95064216305836,35.04380316075554],[95.94935798248561,35.039531353053576],[95.94647740452137,35.03546909799496],[95.94518871625432,35.03301211050327],[95.9499777726085,35.026261089632044],[95.9563007847221,35.0243570415181],[95.96252565351179,35.01948323677405],[95.95481140176555,35.0104669200246],[95.95313480104471,35.004910875860304],[95.94583523406747,35.004166187013176],[95.93827258526554,35.00339477425885],[95.93750118309376,34.995832128284725],[95.93750118309376,34.98333328093687]]]},"properties":{"roi_id":"ZE_HYBAS6_V1_SB01","roi_version":"hybas6_v1","subbasin_id":"SB01","name_cn":"扎陵湖上游北部单元","name_en":"Northern upstream unit of Zhaling Lake","hybas_id":4060614190,"next_down":4060620840,"pfaf_id":432998,"area_km2":3432.723709474948,"hybas_level":6,"source":"HydroBASINS","source_asset":"WWF/HydroSHEDS/v1/Basins/hybas_6","source_version":"v1c","boundary_type":"hydrobasins_subbasin"}},{"type":"Feature","geometry":{"type":"Polygon","coordinates":[[[95.90833420357303,34.91250046308731],[95.90894067948769,34.89674646779542],[95.91249899312476,34.89583235213418],[95.91249899312476,34.8916675839022],[95.91887555188845,34.891101253317636],[95.92279063492964,34.88806907271821],[95.92720961408266,34.88693199404339],[95.9311246730978,34.88389977963895],[95.93664949170996,34.88248177816744],[95.93846882355048,34.87539632118785],[95.94362357184427,34.87140096120765],[95.94804254212397,34.870263849068955],[95.95195757928171,34.86723613850116],[95.96158037298349,34.86596087678812],[95.96609744685912,34.86054302116428],[95.96666820479393,34.858331316816916],[95.96908946875878,34.85797902107968],[95.97257646206418,34.85451881808164],[95.97742351175047,34.85381421718189],[95.9809105808784,34.85035398761682],[95.9916659117332,34.85000172692168],[95.99223222992812,34.84779000616254],[95.99640142397189,34.84241236990168],[95.99526435734467,34.83945597816385],[95.99109959881922,34.83407824120847],[95.99233923222067,34.82173103635789],[95.99960307889872,34.8198671376202],[96.00359844366224,34.81471240139523],[96.00416479237289,34.81250069050455],[96.00501646421168,34.80918312180326],[96.01164711158836,34.80748423078053],[96.01306515838156,34.801954875039904],[96.02037362416486,34.793759042706725],[96.01609727562521,34.788247634801834],[96.01723440900123,34.78112199820987],[96.02026657252568,34.777211363047854],[96.0213991819499,34.77278795597434],[96.0369346636462,34.756378428215974],[96.03846862003847,34.750394289251716],[96.04362330312202,34.74639897676001],[96.04583505554638,34.7458326402361],[96.04547831064917,34.7350773003365],[96.04131350671508,34.7308812846082],[96.04201806610843,34.7225739896489],[96.0461873603427,34.71837797901532],[96.04547831064917,34.71424436464497],[96.04167919172984,34.710418473725916],[96.04547831064917,34.706592607401824],[96.04618736034271,34.70174103150097],[96.0496475990832,34.69825855380927],[96.0499998451233,34.69166793122675],[96.05331740631479,34.6908162474024],[96.05416467663561,34.68749872422885],[96.05381240655736,34.680908141666286],[96.0503520931967,34.677425630414184],[96.0499998451233,34.66666580053311],[96.05217144122949,34.66606378769381],[96.05616233926159,34.66310295556233],[96.06050548170712,34.66189452794522],[96.06449191541529,34.658938174238614],[96.07421720965131,34.65755581248857],[96.07544350517324,34.64923959475364],[96.07022634394461,34.64220764105164],[96.07194754503772,34.638350490408364],[96.07825714474816,34.63659358609436],[96.08011659849318,34.62991834280705],[96.08967246382383,34.628562764260494],[96.10199297754909,34.61727228210085],[96.10815101042701,34.61555559489988],[96.11189661218035,34.610507842886456],[96.11310506567149,34.59366139848398],[96.11606145433461,34.589674977671024],[96.11666790235053,34.58749893435406],[96.11908914514288,34.58714665520884],[96.12674099078149,34.579521613694865],[96.13159245447999,34.578812608885194],[96.13507507532842,34.57535230426127],[96.13750076480886,34.57500001588549],[96.138352516827,34.57168243270176],[96.14387730090641,34.57026450778776],[96.14925501406431,34.56609968317837],[96.15745524462764,34.56740618522908],[96.1593013209597,34.57460316251644],[96.16458537809615,34.57869661957735],[96.17008791466517,34.57443370490278],[96.18554318955182,34.57556634323551],[96.19092081656476,34.57973559803873],[96.19387722142181,34.57859852279311],[96.19791717668811,34.57546824299617],[96.20195707230259,34.57859857654761],[96.21666766826665,34.57916486534512],[96.21610137841438,34.56862348887157],[96.21193211558187,34.56324586307972],[96.21317176971608,34.55089859041171],[96.21887496850609,34.54943155472226],[96.22279003629237,34.54639935383485],[96.22876970782518,34.54486546697905],[96.2327650366443,34.53971075698087],[96.23404034924273,34.53005233944267],[96.2375005628491,34.52916492622914],[96.23992631127473,34.52952167822663],[96.2441223347685,34.5336864451587],[96.24825592280942,34.5329818943136],[96.2524519426512,34.528812702050054],[96.26075924563547,34.52952164724706],[96.26495530025545,34.533686502069635],[96.27325811503724,34.53298197200346],[96.27745412203197,34.52881271402994],[96.29409104078854,34.52952163209838],[96.29757357779641,34.53298193970122],[96.29999932074908,34.533334227017974],[96.31277019118413,34.532531594947734],[96.30898887982629,34.52712266380151],[96.30767796195346,34.51871280777035],[96.30403483868974,34.5134957017609],[96.31462073822637,34.51184577703248],[96.3187097714717,34.50898749067116],[96.33227876996794,34.507574008471934],[96.33431660962073,34.500983432729875],[96.33750041069116,34.49999793700364],[96.33839670815281,34.49119127319823],[96.35297793330817,34.504376762155474],[96.3541685332606,34.508332016459626],[96.3535977437644,34.510543770089015],[96.34943297250317,34.51592138010246],[96.35066814634776,34.52821516175787],[96.35612161105011,34.53276790649808],[96.36306887981202,34.53454711287401],[96.36193185218467,34.5438755108379],[96.35380286049399,34.55300328914163],[96.35833329501877,34.55416711521925],[96.36238662828562,34.55532647508808],[96.36604752571047,34.56033854143689],[96.36752797110059,34.570500792078626],[96.37283878337524,34.574384696788286],[96.38132893097956,34.57561537650467],[96.3853420905961,34.57854948013048],[96.39486229149195,34.57993629064279],[96.39644974120897,34.58549230696893],[96.40354859503569,34.593674782770535],[96.40509142166384,34.59907469124627],[96.41049145064544,34.60061756323727],[96.4145046054679,34.603547172435356],[96.42420759405621,34.60496073635098],[96.4256166807453,34.61465932622382],[96.43688034986009,34.62700652746114],[96.43847227406968,34.63256701203497],[96.4479924720984,34.63394933288254],[96.45200565969246,34.636883478102554],[96.45416828232165,34.637498796958546],[96.45359755932726,34.63529150916328],[96.4494327385677,34.629913865721406],[96.45073930665075,34.62171360605113],[96.45748142312671,34.61998342765782],[96.45923835020295,34.613138764887],[96.47720849816297,34.61193481302758],[96.4936224533902,34.59639930706949],[96.49804588979067,34.595266693034134],[96.50195648666846,34.59223447773337],[96.51054476557213,34.59109739425371],[96.51445540139412,34.58806520077751],[96.53137765849786,34.58693259877497],[96.53528827581636,34.583900444659825],[96.53971168813213,34.5827677829978],[96.54362232992106,34.579735602833004],[96.54914713707926,34.57831760714444],[96.54999889747624,34.57500007657339],[96.55353047426068,34.57409488703989],[96.554801326403,34.555143651518634],[96.56029045820826,34.55056866594368],[96.57304350047491,34.54943152599344],[96.57695415423865,34.546399345718264],[96.58293822021636,34.54486546997062],[96.58693355807185,34.53971069558018],[96.58749986014531,34.537499044696006],[96.59409046720198,34.53714669468085],[96.59828646644416,34.53298195521935],[96.61492333016008,34.53368651415721],[96.63090921106777,34.54964558407499],[96.63333499038983,34.54999784876685],[96.633977119028,34.572966725000875],[96.63685772729326,34.577033426423895],[96.6381418985532,34.57949033317347],[96.633977119028,34.585362987505775],[96.63268846564635,34.58963477173009],[96.62564307354059,34.597866337473405],[96.62435882680363,34.60741771888407],[96.6408307511507,34.609098767806444],[96.64231118889958,34.61880180346224],[96.64545482706606,34.62323862912337],[96.65063182628465,34.62564207774727],[96.66041066407303,34.6172678620323],[96.66453082916333,34.62018854136746],[96.67013152252773,34.62187414596715],[96.67147811429565,34.64379952151415],[96.67497855281175,34.64874020121794],[96.68241186535805,34.65097869762943],[96.68397697722813,34.656886975798514],[96.67596399311054,34.65929930790463],[96.67397077441329,34.66592110604537],[96.6590550878086,34.667441662245416],[96.65833269643356,34.67916460822949],[96.6690924953909,34.6795213715608],[96.67291846928599,34.68332048964867],[96.67674434462265,34.67952141356719],[96.68159138401613,34.678812382758096],[96.68578740436311,34.67464759031109],[96.6899254350522,34.67535209780852],[96.69757723312254,34.68298163547516],[96.70658910211652,34.683686146249094],[96.71458426594145,34.69165458770517],[96.71911919295908,34.687146403114106],[96.72325724197594,34.687855432926604],[96.72674424777185,34.69131122127894],[96.74583365183342,34.69166797710749],[96.74639996811284,34.693875222638134],[96.74943213955893,34.69779031504774],[96.75063614502739,34.71576045470428],[96.75762351085649,34.71755300488448],[96.75889881940614,34.727211474769476],[96.76193100475015,34.73112210086995],[96.76306809044056,34.734078469915566],[96.7587963003997,34.739589919623334],[96.76610030762839,34.7477902161396],[96.76723289137527,34.76471246603409],[96.77026505841766,34.76862316237852],[96.77140212700311,34.77593605398227],[96.76306809044056,34.78529121922503],[96.76250179165865,34.78749848567997],[96.79387600723247,34.78693221843187],[96.79779111679676,34.783900021752466],[96.8033159095018,34.782482009398656],[96.80501932329034,34.77585131980426],[96.81054415831235,34.774433332918605],[96.8144547944374,34.77140112397221],[96.8174111667516,34.77026406092981],[96.82278880729595,34.77443335614163],[96.82721224949276,34.77556593653898],[96.83658084837762,34.78391784417855],[96.83749939655371,34.78749849735798],[96.8383510546491,34.7908161062064],[96.84166864425644,34.79166774428277],[96.84234196494313,34.80336845602914],[96.85075627886222,34.80461253114483],[96.85616072444967,34.80060377749335],[96.86666640845031,34.80000178261841],[96.8688780668088,34.79943104915184],[96.87278868520183,34.79639884507062],[96.8772121638233,34.79526622628039],[96.88112278974714,34.792234078911],[96.89493264582539,34.791003323524],[96.8963996640264,34.78529128708144],[96.89943187319851,34.78137614702103],[96.90084987209445,34.77585129501749],[96.90416744300946,34.77499963083554],[96.90513508244081,34.77122723075364],[96.91028978997787,34.767231876125436],[96.92409957090207,34.766005643419874],[96.92500034891016,34.76250078636538],[96.92742609849886,34.76285302216526],[96.93297325206058,34.768373405973946],[96.93368666468204,34.77254716254331],[96.9295218695692,34.776743158430016],[96.92881284296739,34.789215277201166],[96.93298209800203,34.79340679210062],[96.93368666468204,34.80659238772119],[96.93714694865525,34.81007496206723],[96.93785147808079,34.814926464863575],[96.95797983049943,34.83507709736368],[96.95833208294353,34.8374984289864],[96.95768108519552,34.85732803530582],[96.9520046904344,34.85895110771125],[96.94799144380012,34.861880803722514],[96.93819485802459,34.86330767772288],[96.93688384763725,34.883801679135814],[96.94104861790473,34.889504875533916],[96.94228385481728,34.89382572581026],[96.94521791197865,34.897838922669415],[96.94644863948945,34.90046978851536],[96.94155249083984,34.907176316160836],[96.93749917146772,34.90833124933192],[96.93507345941785,34.9079789735637],[96.93125200195348,34.9041797675627],[96.92742609849886,34.90797892669441],[96.92257460705194,34.9086879394746],[96.91909199796666,34.91214823185452],[96.9142405493547,34.91285271745853],[96.9086934231871,34.91837760069462],[96.90797995469583,34.923255877144705],[96.90245513529257,34.928807374771544],[96.89757683871498,34.92952090477906],[96.89408982717595,34.93298109613094],[96.88090877300922,34.933685663882045],[96.87742616846417,34.93714596992871],[96.87500046893328,34.93749822628688],[96.87257469574133,34.93785495959205],[96.86909212599221,34.941315161742125],[96.86007581768465,34.94201976495291],[96.8565932597821,34.9454800139791],[96.85416751563447,34.94583227110173],[96.85381524987636,34.95242282066511],[96.85035494936628,34.955909832880394],[96.84964596177119,34.969090925578676],[96.84618571880253,34.97257346171343],[96.84548119358716,34.97742495746036],[96.84202092621186,34.98090759347439],[96.84166864425644,34.98749810319575],[96.84226614240463,35.0074169420495],[96.84583349614239,35.008335467218124],[96.84583349614239,35.02083437068047],[96.84493716103756,35.02432580639099],[96.83258546578216,35.025565460595615],[96.82721224949276,35.021400675438514],[96.81592180351282,35.02026805558964],[96.81054415831235,35.024432810297206],[96.78675479122153,35.025565444180685],[96.78137719040849,35.02140066487604],[96.7686241590901,35.020268003714364],[96.76470901242222,35.017235835455324],[96.76029007147183,35.01609874161241],[96.75637493853078,35.01306659408017],[96.75416775684272,35.01250029403725],[96.75360137255447,35.01028859931393],[96.74639996811284,35.002208652740656],[96.74517815550838,34.98846124311057],[96.73971131693017,34.983899644313055],[96.73528787719628,34.982766959715406],[96.73124793946668,34.97963673080705],[96.72721241850319,34.9827669748566],[96.72278901828678,34.983899613867514],[96.71741134337692,34.988068833789704],[96.70506408745972,34.98682477217478],[96.70320022966624,34.97956088956421],[96.69804543696877,34.97556556709374],[96.69362207884872,34.97443294807048],[96.68554212717869,34.96723594739554],[96.6798612764326,34.965777781987796],[96.65889905971818,34.943879200695854],[96.65833269643356,34.937498214809814],[96.65612104020686,34.93693188220945],[96.64387630220509,34.92556567302909],[96.63835152666705,34.924147648478815],[96.63693347229967,34.918622833041645],[96.6339012959867,34.91471216368618],[96.63276420572335,34.910288780773236],[96.62441678609544,34.900920227169074],[96.61862445866949,34.899430859587774],[96.6048680818129,34.886566361726366],[96.60359729082094,34.876956969628466],[96.59960188781203,34.871802268395754],[96.59362220700916,34.87026390363511],[96.58846749797746,34.866268504788096],[96.58749986014531,34.862500556982525],[96.58507410866575,34.86285282137633],[96.58159161588817,34.86631311503139],[96.55590714394552,34.867022084125495],[96.55242461659444,34.87047790961294],[96.54340829065374,34.87118693315246],[96.52952715700803,34.88504576087942],[96.52881363679282,34.88921509340479],[96.53297847450712,34.89341108635992],[96.53333517560799,34.90833123334731],[96.51666711645984,34.908331244427615],[96.51581539602228,34.91164882603682],[96.51029055858714,34.913066748921786],[96.50221066022675,34.920268225209924],[96.49779173294365,34.921400880121396],[96.49387659350306,34.92443306048279],[96.49166486029002,34.924999366276644],[96.4852883783053,34.925565656235705],[96.48137775366362,34.92859786277952],[96.47171931369998,34.92987310858544],[96.46998025513116,34.93665099192128],[96.46445543282844,34.938068990205764],[96.46041551626172,34.94119923600912],[96.45637553298145,34.93806894147875],[96.44999903397962,34.937498174249946],[96.44938371840291,34.922841170889335],[96.44228481398325,34.914658674547596],[96.44071969800711,34.903898863401054],[96.43549360581471,34.907715876258045],[96.43117272271807,34.908951023470884],[96.4271595612039,34.91188067026946],[96.42083209023352,34.91250045580886],[96.41841076126103,34.912852738891445],[96.41075898633179,34.92047779971724],[96.40590744864082,34.92118681196435],[96.4024248867421,34.92464705534981],[96.39757342384544,34.92535161873623],[96.39409083661062,34.92881184241311],[96.38507458194664,34.92952083563768],[96.37952293863415,34.93504125602728],[96.3791662125743,34.93749816548924],[96.35590755769874,34.93785490199238],[96.35208167032437,34.94165406223173],[96.34825577339714,34.93785489730047],[96.33995286364019,34.93714593570908],[96.33575686696163,34.941315205799164],[96.33161884355208,34.94201972286595],[96.32742283864049,34.93785492422206],[96.31912001998951,34.93714591704788],[96.31492396289136,34.9413151569639],[96.308333417444,34.94166745366444],[96.29757357779641,34.942019737591664],[96.29409104078854,34.94547998591685],[96.26666760216794,34.945832294979915],[96.26574899191726,34.93685606564709],[96.23119989406122,34.93814479781154],[96.22713321959317,34.94102537257791],[96.21666766826665,34.94166747280813],[96.20913624291451,34.9424031794198],[96.20771381711685,34.95215971739754],[96.20478420088395,34.956172945870826],[96.20354900655421,34.96049380774002],[96.19645007351365,34.96867174718354],[96.19521496482982,34.977161926679585],[96.19133556449978,34.98247273692397],[96.18013875313616,34.98410023536861],[96.17916662811848,34.98749807253659],[96.17674091520271,34.987145863171484],[96.17325836406518,34.98368556023666],[96.16666780954202,34.983333331755354],[96.16007723167021,34.982981069230476],[96.15659020112462,34.97952075054316],[96.14828289089763,34.97881180524985],[96.1357572579582,34.99131510817452],[96.13091023721024,34.992019615617586],[96.12708429934665,34.99581878566594],[96.12291507004572,34.99168074020962],[96.11075957507977,35.003813917047474],[96.10833381008057,35.004166217090244],[96.10490477016565,35.003287751995785],[96.10359825407038,34.995087484926366],[96.10776754525533,34.9897098178329],[96.10890016098529,34.97841940969416],[96.10473532006135,34.973041691086166],[96.10359825407038,34.96862276920846],[96.09479598333864,34.958915236604284],[96.06249874683026,34.958331140792374],[96.06160240365658,34.961840452031794],[96.04778810324208,34.96306668896622],[96.04387754759551,34.966098857228396],[96.03945410341082,34.96723597312319],[96.03554343613122,34.97026811147743],[96.01862118183854,34.971400772628385],[96.01471056030117,34.97443293020665],[96.01029157467742,34.975565538052194],[96.00637648425617,34.978597713393505],[95.98945419039262,34.97973481770098],[95.98554358910862,34.982766959397196],[95.9811245457434,34.983899640097775],[95.97720947926243,34.98693179797836],[95.97279055887184,34.98806883443655],[95.9688754656852,34.99110104082733],[95.9659190256115,34.99223364255447],[95.96054582390443,34.98806886642125],[95.95195757928171,34.98693179377027],[95.94804254212397,34.98389962438121],[95.93750118309376,34.98333328093687],[95.93652912395024,34.97993544849753],[95.92438248449434,34.97816521605941],[95.9256756463018,34.95516513441037],[95.93395171510001,34.95279741831839],[95.93271658104729,34.94783886162294],[95.92978246294463,34.943825645242775],[95.92854733349341,34.93950483067512],[95.92145288180886,34.93132680125299],[95.92021768088169,34.9270059612171],[95.91311880827172,34.918827939769265],[95.91157149851296,34.91342794131185],[95.90833420357303,34.91250046308731]]]},"properties":{"roi_id":"ZE_HYBAS6_V1_SB02","roi_version":"hybas6_v1","subbasin_id":"SB02","name_cn":"扎陵湖上游南部单元","name_en":"Southern upstream unit of Zhaling Lake","hybas_id":4060614330,"next_down":4060620840,"pfaf_id":432999,"area_km2":3080.5804214913464,"hybas_level":6,"source":"HydroBASINS","source_asset":"WWF/HydroSHEDS/v1/Basins/hybas_6","source_version":"v1c","boundary_type":"hydrobasins_subbasin"}},{"type":"Feature","geometry":{"type":"Polygon","coordinates":[[[96.84166864425644,34.98749810319575],[96.84202092621186,34.98090759347439],[96.84548119358716,34.97742495746036],[96.84618571880253,34.97257346171343],[96.84964596177119,34.969090925578676],[96.85035494936628,34.955909832880394],[96.85381524987636,34.95242282066511],[96.85416751563447,34.94583227110173],[96.8565932597821,34.9454800139791],[96.86007581768465,34.94201976495291],[96.86909212599221,34.941315161742125],[96.87257469574133,34.93785495959205],[96.87500046893328,34.93749822628688],[96.87742616846417,34.93714596992871],[96.88090877300922,34.933685663882045],[96.89408982717595,34.93298109613094],[96.89757683871498,34.92952090477906],[96.90245513529257,34.928807374771544],[96.90797995469583,34.923255877144705],[96.9086934231871,34.91837760069462],[96.9142405493547,34.91285271745853],[96.91909199796666,34.91214823185452],[96.92257460705194,34.9086879394746],[96.92742609849886,34.90797892669441],[96.93125200195348,34.9041797675627],[96.93507345941785,34.9079789735637],[96.93749917146772,34.90833124933192],[96.94155249083984,34.907176316160836],[96.94644863948945,34.90046978851536],[96.94521791197865,34.897838922669415],[96.94228385481728,34.89382572581026],[96.94104861790473,34.889504875533916],[96.93688384763725,34.883801679135814],[96.93819485802459,34.86330767772288],[96.94799144380012,34.861880803722514],[96.9520046904344,34.85895110771125],[96.95768108519552,34.85732803530582],[96.95833208294353,34.8374984289864],[96.98575562269518,34.8378551575538],[96.98924258093452,34.84131541085381],[96.99825893127728,34.84201994314337],[97.00174146627818,34.84548017054169],[97.00416725566409,34.845832445077825],[97.00513480846367,34.84960483656446],[97.01028956169058,34.85360020398352],[97.01581441609123,34.85501823271647],[97.01723238146775,34.86054300387037],[97.02026458382404,34.86445814044724],[97.0216825625391,34.86998294768882],[97.02721181320715,34.87140094357596],[97.0311225031968,34.87443315389828],[97.03749899124819,34.87499943834725],[97.05741778596487,34.87440195348666],[97.05925491852021,34.867249555434014],[97.06862355021892,34.85890208814416],[97.07304246067125,34.85776498270087],[97.07842019104224,34.85360023935283],[97.08137654784483,34.85473281733213],[97.08529166121748,34.85776503350792],[97.09583293358432,34.8583313678629],[97.11075754158365,34.85797904340012],[97.11840935505836,34.85035403152561],[97.12499990691462,34.850001735155466],[97.12590958312141,34.846456764767076],[97.1480445546154,34.84526612950668],[97.1519551991594,34.8422339576802],[97.1563786469637,34.8411013901268],[97.1602892852387,34.83806919277845],[97.16887749723011,34.8369320829075],[97.17278812519952,34.833899909403435],[97.18554565359638,34.83276726078403],[97.18945626656735,34.829735076974245],[97.20000204592411,34.82916877590873],[97.2003587073338,34.826711800717135],[97.20591035282672,34.82118700319554],[97.23159031812682,34.82047805044696],[97.23507731703857,34.81702223678026],[97.24408917420023,34.81631324604448],[97.24757616106916,34.81285296115691],[97.25000192576981,34.81250067347912],[97.25121475851248,34.81723179854216],[97.2647125213143,34.81609919453266],[97.26862312261025,34.81306694937182],[97.27414795476011,34.8116490327673],[97.27585132507902,34.8050183334558],[97.27916441672973,34.80416658464918],[97.27988236657512,34.796817998550345],[97.28549194127181,34.79521718094456],[97.2936743271527,34.788118355237124],[97.30319451337878,34.786731521076746],[97.30553554233443,34.77854907560487],[97.31049411554433,34.77978422147593],[97.31450728331386,34.782713868900515],[97.32429502350843,34.784140790609605],[97.32569069193413,34.80317225525885],[97.32916878283922,34.80416665268041],[97.32916878283922,34.80833138469361],[97.32916878283922,34.812500690950735],[97.32916878283922,34.82083475775783],[97.33137607128882,34.82140101566113],[97.34073120832167,34.82973511786343],[97.34804415771683,34.82859804665244],[97.35612404406547,34.82140108402926],[97.37721113247382,34.820263938507864],[97.38125107670547,34.81713371934292],[97.38529101262877,34.820263983882086],[97.390815852911,34.8216819984666],[97.39223383205494,34.82721121878749],[97.39526608381182,34.831121859505146],[97.3963986252141,34.83971010838449],[97.39943081428872,34.843620748811965],[97.40071510616133,34.853319331689136],[97.40538374452102,34.85436715432121],[97.41041805848593,34.850469930266826],[97.41445798585907,34.85360024408334],[97.41666531307753,34.854166529854524],[97.42299275718183,34.85355113862233],[97.42869590263732,34.8493818783845],[97.43653949267026,34.8508088221885],[97.43860855697919,34.858037046442725],[97.44783881919318,34.8660500560766],[97.46170218298518,34.86740110826113],[97.46604985642135,34.87284122101784],[97.46766398869502,34.8784908996823],[97.48966077796862,34.879784037443684],[97.4978387407887,34.88688292422914],[97.50215962009075,34.88811811090269],[97.51033757795601,34.89521704667303],[97.51589809841322,34.89680441829821],[97.51746770915689,34.90759994567306],[97.52499916411954,34.908331211388116],[97.52443282225589,34.91054296056779],[97.52056679951997,34.91552817631479],[97.5283167448311,34.91751694003516],[97.52973467097672,34.92304182366461],[97.53693167898017,34.93112168062392],[97.53749804055353,34.93333337140324],[97.53714572724239,34.93992395461102],[97.53368549924429,34.94341093229848],[97.53298091324079,34.94754452405271],[97.53714572724239,34.95174054632792],[97.53785473584799,34.968381923482625],[97.53334659297671,34.972916854974386],[97.53714572724239,34.976742724656916],[97.53785473584799,34.98158979172841],[97.54131500702286,34.98507681729392],[97.54201951258368,34.99409308736484],[97.54547982662936,34.99757570771217],[97.54618875528404,35.001713688107806],[97.53751580915883,35.01041785905684],[97.54131500702286,35.01424382735524],[97.5416672589071,35.01666512002928],[97.54387899869384,35.017235886805636],[97.54939038962209,35.02183320026509],[97.55056762712542,35.04804375648634],[97.55359983734175,35.051954385689896],[97.55501778543356,35.057483728409466],[97.56276323842894,35.05947242417709],[97.55890168825435,35.06445770091688],[97.55776465156458,35.06887671888478],[97.55056762712542,35.07695661965147],[97.55000132395894,35.07916832003296],[97.54778963661165,35.079734627375394],[97.54233614570289,35.084282866216014],[97.54110094586648,35.09658106982961],[97.54526575259652,35.10195428144623],[97.54640283217003,35.10637772558268],[97.54943056184028,35.11028837063687],[97.55056762712542,35.11471179438015],[97.55359983734175,35.11862243589071],[97.55473242445836,35.1397094974469],[97.55776465156458,35.1436246475343],[97.55890168825435,35.15074576547203],[97.5539030491282,35.15719812285524],[97.56190714605779,35.15924927628416],[97.56306649029402,35.20491496913845],[97.55890168825435,35.21028817407368],[97.55776465156458,35.214711588410324],[97.55473242445836,35.21862222434795],[97.55359983734175,35.22721049048358],[97.55056762712542,35.23112109678752],[97.55000132395894,35.25833501832118],[97.55331439954134,35.25918220782314],[97.55416608725416,35.26249977020278],[97.5267426734516,35.26285206175044],[97.52325561613218,35.266312350465476],[97.51666505345491,35.26666457500897],[97.51575095439823,35.2702274263941],[97.48424738407537,35.27144028771927],[97.48276697130781,35.277210395163685],[97.47973481335632,35.28112097349974],[97.47916851264229,35.283332672344855],[97.47257349197027,35.282980448733156],[97.46909090623254,35.27952021186178],[97.46495290215735,35.27881114264531],[97.460756864787,35.2829804573931],[97.45833109462464,35.28333266517795],[97.45748389073054,35.2866502952341],[97.45195457963464,35.28806829390155],[97.44804400708722,35.29110044266234],[97.43112169852833,35.29223309814898],[97.42721107536923,35.29526527694256],[97.4061239790937,35.296402326258054],[97.4022088444071,35.299434522378995],[97.39508769293188,35.300567114458325],[97.3897100409302,35.296402288695774],[97.38529101262877,35.29526524822358],[97.38137591673637,35.2922330524428],[97.3742547928555,35.29110049297204],[97.36887713257796,35.2952652853494],[97.3633522543872,35.29668322869683],[97.36250061979074,35.3000008172542],[97.35174073655367,35.29964857546394],[97.34408892279802,35.292019063882655],[97.32745204333808,35.2913145253596],[97.31492641474816,35.30381336536755],[97.31250071095216,35.30416563878853],[97.30833140821896,35.30416564292636],[97.30797911815995,35.30659138964726],[97.30451891486581,35.31007395590019],[97.3038143761783,35.31421199831871],[97.30797911815995,35.318407957665684],[97.30833140821896,35.329167803256915],[97.30756447749293,35.33242291191],[97.30322572876297,35.33386325693394],[97.29807991439847,35.32969394907373],[97.28749853780332,35.32916781306767],[97.28714619132063,35.322546028250855],[97.28159016274171,35.31702122670624],[97.27674312117357,35.31631225573027],[97.2725471221408,35.31214742192002],[97.26007501564008,35.31285195357461],[97.25624910731612,35.3166510727493],[97.25171423433973,35.31214743800049],[97.24757616106916,35.3128519288297],[97.24408917420023,35.31631225148857],[97.23924210676523,35.317021220450805],[97.23575958242053,35.3204815018879],[97.23090801266937,35.3211859863779],[97.22325626524783,35.328815545257186],[97.21840921520544,35.329520080497026],[97.21492661601293,35.332980313625875],[97.21250087968497,35.33333256814394],[97.2083316569295,35.33333263599142],[97.19757627223615,35.33298035015673],[97.19408924234739,35.32952005229891],[97.17916461310243,35.329167820315256],[97.1769573619287,35.329734124413854],[97.17304229842925,35.33276629978094],[97.16751745378588,35.334184323834116],[97.16666581727915,35.337501827066724],[97.15091179590638,35.338108336386036],[97.15000210814662,35.34166662789949],[97.12499990691462,35.341666637701536],[97.12464323573514,35.33920973337277],[97.11909166691343,35.33368489703452],[97.11666586516516,35.33333258062348],[97.1158142189031,35.330019478653654],[97.11028933642115,35.328601531723855],[97.1063787485389,35.32556932946492],[97.10195532541647,35.32443224654356],[97.09804465160084,35.321400061044464],[97.09251541213827,35.31998203785786],[97.09109739763734,35.31445724675169],[97.08806524191287,35.310542169451615],[97.08693261135012,35.30612317326147],[97.08390039903887,35.30221253827645],[97.08276775725679,35.29778910029086],[97.07973557053722,35.29387848669712],[97.0785985669293,35.289455028436],[97.0755663239916,35.2855444412486],[97.07411715113426,35.279890302313206],[97.0397107376112,35.2464024113788],[97.02916491462827,35.24583167018112],[97.02846039376702,35.27010252672394],[96.99788883817168,35.271502680662785],[96.98960828078833,35.278499058868874],[96.98538994418719,35.27983676316786],[96.98127868011174,35.28266380580586],[96.9770558763448,35.284001611400505],[96.96458821671851,35.295185019733694],[96.95970104281987,35.291822799770614],[96.95766322279297,35.285388359648465],[96.9340032388951,35.260444127709846],[96.93266552870936,35.25205653614864],[96.92500034891016,35.24298678259273],[96.91872194015632,35.240998017579734],[96.91461066377194,35.238166487495214],[96.91250144897526,35.23750207947328],[96.91157398583958,35.23426025774534],[96.9050948832427,35.232405305224454],[96.90300807930491,35.22511471935727],[96.89799155633969,35.22144932673202],[96.89367513425829,35.220214092707394],[96.88966193314275,35.217284478756845],[96.87995892361705,35.21587099109397],[96.87854988845707,35.20617241000932],[96.87561578495692,35.20215919274851],[96.87438065784957,35.18950876615813],[96.87145099662061,35.18549555165746],[96.87021578455307,35.18117469202409],[96.86728622819841,35.17716149489859],[96.86585930149008,35.1673559845271],[96.85416751563447,35.1666647931578],[96.85416751563446,35.150001144570886],[96.85833234745128,35.1500011005516],[96.85929996359062,35.14622869014996],[96.8644546613217,35.14223337983787],[96.88649602603166,35.14104723991097],[96.89526704220556,35.13137549950724],[96.89647104703496,35.113405319789756],[96.90377053403857,35.11153248904871],[96.90776593203762,35.10637776621421],[96.90921956409467,35.10071020376465],[96.91887802093449,35.09943491373606],[96.92278859613684,35.09640274555553],[96.92500034891016,35.095832004628136],[96.92426459113257,35.08830053621726],[96.91450806326078,35.08688254868077],[96.91049489608373,35.08395289342232],[96.9050948832427,35.082405654902956],[96.903239934031,35.07592653628154],[96.89783994588103,35.074383674696904],[96.89382673507562,35.071449625337976],[96.88842678634482,35.06990678320084],[96.88688390874249,35.06450679058526],[96.88394984060885,35.060493550876586],[96.88217512391701,35.05428202292689],[96.87715864231325,35.05061665224751],[96.87122801027073,35.048922183825134],[96.85478288086367,35.03132656806243],[96.85416751563447,35.024999130673976],[96.84999828682307,35.024999141063766],[96.84999828682307,35.020834362506406],[96.84583349614239,35.02083437068047],[96.84583349614239,35.008335467218124],[96.84226614240463,35.0074169420495],[96.84166864425644,34.98749810319575]]]},"properties":{"roi_id":"ZE_HYBAS6_V1_SB03","roi_version":"hybas6_v1","subbasin_id":"SB03","name_cn":"扎陵湖所在单元","name_en":"Zhaling Lake unit","hybas_id":4060620840,"next_down":4060628060,"pfaf_id":432997,"area_km2":3006.642303798377,"hybas_level":6,"source":"HydroBASINS","source_asset":"WWF/HydroSHEDS/v1/Basins/hybas_6","source_version":"v1c","boundary_type":"hydrobasins_subbasin"}},{"type":"Feature","geometry":{"type":"Polygon","coordinates":[[[96.34943297250317,34.51592138010246],[96.3535977437644,34.510543770089015],[96.3541685332606,34.508332016459626],[96.36982888081104,34.50773007837218],[96.37443071011764,34.50220967092894],[96.37566142402734,34.488399869571715],[96.3813779793388,34.486932818962295],[96.38945783949106,34.47973584689732],[96.39166509594631,34.479165069975124],[96.39131284909408,34.47257449752537],[96.38368776197824,34.464922699185166],[96.38333547869463,34.45416728769034],[96.38546691211394,34.45352524798471],[96.38953361442228,34.450644593499],[96.40348173898832,34.44921772493936],[96.40416841815694,34.42916513957173],[96.41492376925711,34.429521855364314],[96.41841076126103,34.43298210324797],[96.42083209023352,34.433334443643574],[96.42148759338447,34.44070527085145],[96.42695444840221,34.44526691755863],[96.44387671212958,34.446399598536004],[96.44925438014106,34.45056883793319],[96.4535395930213,34.448923395629144],[96.45473462024177,34.43112266774227],[96.45776680154104,34.42721209563811],[96.45918476926147,34.42168278752421],[96.4658154918723,34.419983839020134],[96.46763477722561,34.41289388245602],[96.472789527377,34.40889855232153],[96.47720849816297,34.407765921302534],[96.48112358241065,34.40473369690785],[96.48710326225877,34.40319983417956],[96.49109859807598,34.398045107363224],[96.49251658156389,34.392515819208285],[96.49583417364083,34.391668526192795],[96.49526787413312,34.38945688963092],[96.49109859807598,34.38407913920043],[96.49233818283538,34.37173195259655],[96.49583417364083,34.3708311617895],[96.49797901487482,34.3702024124718],[96.50377136029925,34.36603763431326],[96.506313051838,34.36729515618477],[96.51035297102715,34.37020246797302],[96.51464712697052,34.37146441684203],[96.51868708889576,34.374371677462435],[96.52714593869146,34.375629190229176],[96.5329383437236,34.37979846013858],[96.54508048651745,34.37838932165345],[96.54646279448443,34.36451708691298],[96.54937015210618,34.36048160691542],[96.54999889747624,34.35833231132288],[96.54964658109084,34.355911042397686],[96.54202148997896,34.34825919756135],[96.5416648215253,34.34583344772294],[96.5416648215253,34.337499411101255],[96.54804575231827,34.338065721505885],[96.55341900007059,34.34223498831506],[96.55815458594805,34.34041564925793],[96.56193141835374,34.33554189906878],[96.56363928337538,34.328902262909665],[96.56874938870762,34.332866392381],[96.57278928777673,34.32973614846028],[96.59898650550322,34.32855892527588],[96.60776653165291,34.31887822154081],[96.60889910286312,34.31445478257321],[96.61202944596226,34.31041482021903],[96.60880106053804,34.306250061248086],[96.61193131733441,34.30221010626763],[96.61250207922869,34.2999983975597],[96.62742226331517,34.30035509305361],[96.63090921106777,34.303815356685114],[96.65242443233531,34.304519899336185],[96.65662042400444,34.30868466511449],[96.66075845311478,34.307980170557094],[96.66424101499321,34.304519870066066],[96.67742655827345,34.303815332913985],[96.6812480512547,34.30001617979962],[96.68578740436311,34.30451988859986],[96.70242429110135,34.30381539392279],[96.70590690580698,34.30035511955996],[96.71075834529167,34.29964607391537],[96.71874904619594,34.2916821534681],[96.72328842979483,34.29618586848631],[96.72742650119302,34.2954813076282],[96.73124793946668,34.29168211993149],[96.7350738501047,34.295481281298876],[96.74409014101681,34.296185844296126],[96.74757712798669,34.29964606994972],[96.75242418472853,34.30035508985391],[96.75590680159246,34.30381534710134],[96.76492305589332,34.30451993308207],[96.76911910433107,34.30868468858887],[96.79409006526465,34.30798012072659],[96.79757704656423,34.304519887591525],[96.8041676108146,34.30416763481188],[96.8045198533479,34.30658892621436],[96.80798017164221,34.31007588960585],[96.80868469994374,34.31492300278717],[96.81214491292575,34.31840997272067],[96.81250169526913,34.32083124296911],[96.81666648086986,34.320831306582235],[96.8208312878273,34.32083130901219],[96.82304302748976,34.320264952388996],[96.82695809479104,34.31723275619531],[96.84076794966354,34.316006575103174],[96.8425694330877,34.3089790056989],[96.85612505493414,34.296399910714506],[96.8616498897637,34.29498189295564],[96.86306788800705,34.28945703752778],[96.87026488163917,34.281377127143614],[96.87083121919419,34.27916548318175],[96.86986351404208,34.2753974779576],[96.86470879855831,34.27140217960921],[96.85776603644862,34.269618535899525],[96.85898334119022,34.255148744173155],[96.87278868520183,34.242235185943116],[96.87831803932374,34.240817176318316],[96.8797359900873,34.235287925372525],[96.88693301834442,34.22721248784793],[96.8881325318147,34.20931358344766],[96.89362168113804,34.204734148652655],[96.90323543119483,34.20346325167573],[96.91306782450047,34.1926276283865],[96.911930738669,34.18112317563491],[96.90046190664245,34.16876258840128],[96.90360114437014,34.16470920984697],[96.90416744300946,34.15833276000113],[96.90505476594127,34.15487689020532],[96.91470876081935,34.15359714317525],[96.91862383710802,34.1505694566038],[96.93652261788071,34.14936544611986],[96.94109768616097,34.14387632765668],[96.94223478567575,34.13945737145439],[96.9452669833463,34.1355422652114],[96.94639956724014,34.131123326866025],[96.94943179307965,34.12721262889068],[96.95096565513347,34.12122853166303],[96.95612486204185,34.11723321120998],[96.96666616009298,34.11666689365325],[96.96751785964959,34.113349349357],[96.9708354380413,34.11250207087174],[96.97826875725059,34.11316201399975],[96.97916503139491,34.1166668707284],[96.98659838780668,34.116006911092065],[96.98749911977478,34.11250211800953],[96.98827501496619,34.10490374045411],[97.00630310634575,34.103525896882765],[97.01036533249973,34.10064090832404],[97.01666609379049,34.09999877989868],[97.01998368181859,34.09914710162193],[97.02140165451587,34.09362224761357],[97.02443380181796,34.08971158531386],[97.02591871802862,34.083914805659084],[97.03528731868352,34.07556737710733],[97.03749899124819,34.07500103398272],[97.03838638818542,34.07154074572883],[97.04804474540342,34.070265477865576],[97.05612467601617,34.0630684717456],[97.058331955547,34.06250214614853],[97.06250118795714,34.06250222187206],[97.0636070583161,34.06636821734479],[97.07426432425773,34.075616377325325],[97.08132753958202,34.07438126122206],[97.08534067239987,34.071451580074694],[97.09382639016181,34.070216434433014],[97.10200434886274,34.063117505958154],[97.11586325253806,34.06176646326116],[97.11728565430049,34.05200548780225],[97.12021531593827,34.04799227409555],[97.1214505303085,34.04367138240745],[97.12438456407011,34.039658183416215],[97.1256152554291,34.035341808548246],[97.12854939002722,34.03132861865981],[97.1303240790876,34.0251126267984],[97.13534058468879,34.02145167501979],[97.13966146305116,34.020216530410394],[97.14367465569977,34.01728245500184],[97.14583282304957,34.016667076099274],[97.15220937554305,34.017233370010025],[97.15758707991559,34.021402639336856],[97.1605434110714,34.020265605039846],[97.16862333978906,34.0130685870006],[97.174148111158,34.01165060597731],[97.17585150288099,34.00501542593593],[97.18293706051875,34.00320063012298],[97.18693237321874,33.99804588086651],[97.18806949481612,33.98528836171491],[97.19109722635405,33.98137772665694],[97.192234254025,33.97695436017552],[97.19526644932301,33.973043657190786],[97.19583277578585,33.96666716336594],[97.19915032606842,33.965815496046694],[97.20092055363313,33.95891728397566],[97.21028916078544,33.95056539202639],[97.21471258903354,33.9494327950749],[97.21862325393958,33.94640058971511],[97.22083491768952,33.94583428316831],[97.23658444818311,33.946440672715745],[97.23806939655233,33.95221077231306],[97.24262655811512,33.957677594775404],[97.2563784091579,33.95889945816855],[97.26041841391685,33.96202969312796],[97.264458331006,33.95889939709416],[97.27304206310394,33.95776685003627],[97.27708207592947,33.95463648666418],[97.28112200065846,33.95776678328162],[97.28554538057449,33.958899401195346],[97.28945603334583,33.961931615421214],[97.29804425414763,33.963068714770166],[97.30195488713903,33.966100898342965],[97.30637830947721,33.967233486396445],[97.31028892885703,33.970265708374654],[97.31581378252702,33.97168369455793],[97.3166654918642,33.97500124173389],[97.31735220522889,33.995053857758045],[97.33130026639826,33.99647625234469],[97.34045926245916,34.004315351606614],[97.342309751909,34.010468955995876],[97.34519036900748,34.0145311457288],[97.34647454675793,34.02713705913051],[97.34935517529581,34.0311993257143],[97.35000175106573,34.033335197314415],[97.35242302376159,34.03297847690466],[97.35591006485204,34.029518215815216],[97.36075707314207,34.028813694193964],[97.36495308583866,34.02464883315903],[97.36909115250333,34.02535337948126],[97.37328718341351,34.02951820192392],[97.38575923285123,34.028813685813226],[97.38995529890023,34.02464886583314],[97.39409331457439,34.025353373344466],[97.39828486128717,34.02951819728053],[97.41909101311761,34.02881365621089],[97.4225736211171,34.02535337658109],[97.43333335851116,34.025001134870216],[97.44908737142701,34.02560755688602],[97.45084877081675,34.03248353144949],[97.45416633321997,34.03333520783646],[97.4538140327141,34.0524246082883],[97.45035377505627,34.055907135493285],[97.44964475782886,34.06421448690362],[97.4579788553151,34.07257528291032],[97.4586878760046,34.08992564032817],[97.46214814059401,34.09340819316998],[97.46285266374777,34.10242448256501],[97.46631289027707,34.10590711125658],[97.46666517228681,34.10833285836978],[97.46909090623254,34.108685074269076],[97.4746469444076,34.11421438910083],[97.4749992690919,34.125000943230944],[97.48966077796862,34.1256162916438],[97.49536392424207,34.1297855547947],[97.50215962009075,34.12855042833132],[97.50786280870815,34.12438109811091],[97.52003172576227,34.12575455116838],[97.52165034483171,34.13684874373925],[97.54583209970224,34.13749978423292],[97.54914960477791,34.138351507671246],[97.55056762712542,34.143876279455576],[97.55359983734175,34.14779141589133],[97.55416608725416,34.149998689868305],[97.56159943489696,34.15066307822263],[97.56250016768328,34.154167904795486],[97.56250016768328,34.16250196872837],[97.56164846025376,34.16581511317162],[97.55612369430985,34.16723308764661],[97.54675510993786,34.175584979797534],[97.54526575259652,34.18137732954452],[97.53806878696525,34.18945726740006],[97.53659283945534,34.19519610698313],[97.51862259133487,34.19640003387817],[97.51471203238702,34.19943225814059],[97.49362492380095,34.20056930161535],[97.4881178967285,34.205157724172615],[97.48693181271206,34.22721242480237],[97.47858438056528,34.236580997711194],[97.47149435041993,34.23840036705488],[97.47026809626477,34.25221014287844],[97.46723591094967,34.25612082588748],[97.46666517228681,34.28749952691276],[97.4517405480695,34.28785176964419],[97.44825802713278,34.291312012873426],[97.44341100393184,34.292021023392955],[97.43785938872459,34.29754141096934],[97.43749817668284,34.29999837456915],[97.43418505064311,34.2991511410054],[97.4324816769562,34.29251603354165],[97.42916862822099,34.29166879452891],[97.42916862822099,34.29583356423931],[97.41869863162515,34.29647571254807],[97.41463642725687,34.299356216416264],[97.41036460355933,34.30064495997593],[97.40542836953416,34.30414532610248],[97.40352428486933,34.31046837599417],[97.40064376056232,34.31453054421488],[97.39903400918631,34.31986810909047],[97.39263076262668,34.32179893250914],[97.39102548831369,34.327136440385644],[97.38814483091267,34.331198716744204],[97.38685615725471,34.33396776526867],[97.39616233389539,34.344830195497074],[97.38536687761069,34.34647554198112],[97.38130013864549,34.349356130344624],[97.36327649631455,34.35073848009238],[97.36185845922446,34.3646329990589],[97.35897787886068,34.368699766955686],[97.3583313003054,34.37083121328737],[97.35591006485204,34.37118793315075],[97.35242302376159,34.37464816296968],[97.34828498020102,34.375352672942896],[97.34408892279802,34.37118792787468],[97.33090781264809,34.37047890324641],[97.32742526597292,34.367018677370595],[97.32083472985789,34.36666639758964],[97.31751712950654,34.36751811131836],[97.3166654918642,34.37083117967807],[97.31609913979925,34.37304291272359],[97.31306695061967,34.376957986134975],[97.3119343936359,34.38137695793098],[97.30890222578228,34.38528757696891],[97.30776512569949,34.39241320000878],[97.3119343936359,34.39779092015012],[97.31316061044392,34.41160075440033],[97.31887723460295,34.413067798275655],[97.32278783267644,34.4160999522491],[97.32721129460626,34.417232575915776],[97.3311218780491,34.42026475892861],[97.33554530563777,34.42140186358594],[97.34171673275347,34.4265476861902],[97.32973507909453,34.439456747307155],[97.32859804206412,34.44387571838156],[97.32556587154212,34.447790833839505],[97.32443327084881,34.45074721387487],[97.3285980420641,34.45612487663023],[97.32916878283922,34.46666621537163],[97.3315900557675,34.46701841950975],[97.33507710068251,34.470478688281325],[97.34583245485403,34.470835453464815],[97.34674214865039,34.46729042350527],[97.3583313003054,34.46666621705708],[97.36054299694631,34.46609985996078],[97.3644581339877,34.46306772601643],[97.37378656908832,34.461930600948996],[97.37556573755721,34.46887788158855],[97.37956114115323,34.474032652718556],[97.3855452431121,34.47556652861762],[97.3949137560867,34.483918486325294],[97.39671970230096,34.49095937083711],[97.40744386673781,34.49237288753677],[97.40833120255337,34.49583317550275],[97.4050180844654,34.49668481600808],[97.40360008760817,34.50220971143118],[97.40056796109995,34.50612480356846],[97.39943081428872,34.510543702890565],[97.39588142458055,34.515123227745995],[97.41028879332606,34.52859862059177],[97.41666531307753,34.529164906246834],[97.41666531307753,34.53333423921657],[97.41631304013343,34.539924714105666],[97.40662335737547,34.549641133427116],[97.40416642498334,34.5499978724244],[97.40326569835636,34.54649298200455],[97.39583235216749,34.54583307801693],[97.39484687010616,34.54238171001959],[97.38117084607954,34.5410484319309],[97.37708184765282,34.5380608237061],[97.37299284686266,34.541048471565844],[97.36318730139027,34.54247539425976],[97.36181386267556,34.5658187179109],[97.35215993274072,34.57438465836166],[97.33416748045417,34.5757045976322],[97.3214500578746,34.58950551322368],[97.32021495872684,34.593826366852944],[97.30771603437572,34.60752915357477],[97.3089512355949,34.61465931356509],[97.31728531297871,34.62426421090644],[97.3160501248245,34.63132739712221],[97.3089512355949,34.63950537985481],[97.30740839073117,34.644905364193676],[97.30416664460715,34.645832880109275],[97.30360031449399,34.64804454813177],[97.30056810736514,34.651955180578355],[97.29943106465221,34.66471265711002],[97.28806926229856,34.676957404494026],[97.28693218228133,34.68137634749641],[97.27026403567719,34.69898984918064],[97.27140116495019,34.7105433638665],[97.27443330128726,34.71445397540754],[97.27591817644664,34.72025081843145],[97.28529127665504,34.7285982473255],[97.29387501660658,34.72973533936327],[97.29779010334208,34.73276752463423],[97.30345766198836,34.734221129043306],[97.30487563463785,34.74494528652164],[97.30833140821896,34.74583269330204],[97.30868814804093,34.748258415197384],[97.3225470180859,34.762144094211976],[97.32742526597292,34.76285305188018],[97.33714614267357,34.77254714902399],[97.33785514744825,34.801714079245336],[97.3316257336456,34.80797467159627],[97.32916878283922,34.80833138469361],[97.32916878283922,34.80416665268041],[97.32569069193413,34.80317225525885],[97.32429502350843,34.784140790609605],[97.31450728331386,34.782713868900515],[97.31049411554433,34.77978422147593],[97.30553554233443,34.77854907560487],[97.30319451337878,34.786731521076746],[97.2936743271527,34.788118355237124],[97.28549194127181,34.79521718094456],[97.27988236657512,34.796817998550345],[97.27916441672973,34.80416658464918],[97.27585132507902,34.8050183334558],[97.27414795476011,34.8116490327673],[97.26862312261025,34.81306694937182],[97.2647125213143,34.81609919453266],[97.25121475851248,34.81723179854216],[97.25000192576981,34.81250067347912],[97.24757616106916,34.81285296115691],[97.24408917420023,34.81631324604448],[97.23507731703857,34.81702223678026],[97.23159031812682,34.82047805044696],[97.20591035282672,34.82118700319554],[97.2003587073338,34.826711800717135],[97.20000204592411,34.82916877590873],[97.18945626656735,34.829735076974245],[97.18554565359638,34.83276726078403],[97.17278812519952,34.833899909403435],[97.16887749723011,34.8369320829075],[97.1602892852387,34.83806919277845],[97.1563786469637,34.8411013901268],[97.1519551991594,34.8422339576802],[97.1480445546154,34.84526612950668],[97.12590958312141,34.846456764767076],[97.12499990691462,34.850001735155466],[97.11840935505836,34.85035403152561],[97.11075754158365,34.85797904340012],[97.09583293358432,34.8583313678629],[97.08529166121748,34.85776503350792],[97.08137654784483,34.85473281733213],[97.07842019104224,34.85360023935283],[97.07304246067125,34.85776498270087],[97.06862355021892,34.85890208814416],[97.05925491852021,34.867249555434014],[97.05741778596487,34.87440195348666],[97.03749899124819,34.87499943834725],[97.0311225031968,34.87443315389828],[97.02721181320715,34.87140094357596],[97.0216825625391,34.86998294768882],[97.02026458382404,34.86445814044724],[97.01723238146775,34.86054300387037],[97.01581441609123,34.85501823271647],[97.01028956169058,34.85360020398352],[97.00513480846367,34.84960483656446],[97.00416725566409,34.845832445077825],[97.00174146627818,34.84548017054169],[96.99825893127728,34.84201994314337],[96.98924258093452,34.84131541085381],[96.98575562269518,34.8378551575538],[96.95833208294353,34.8374984289864],[96.95797983049943,34.83507709736368],[96.93785147808079,34.814926464863575],[96.93714694865525,34.81007496206723],[96.93368666468204,34.80659238772119],[96.93298209800203,34.79340679210062],[96.92881284296739,34.789215277201166],[96.9295218695692,34.776743158430016],[96.93368666468204,34.77254716254331],[96.93297325206058,34.768373405973946],[96.92742609849886,34.76285302216526],[96.92500034891016,34.76250078636538],[96.92409957090207,34.766005643419874],[96.91028978997787,34.767231876125436],[96.90513508244081,34.77122723075364],[96.90416744300946,34.77499963083554],[96.90084987209445,34.77585129501749],[96.89943187319851,34.78137614702103],[96.8963996640264,34.78529128708144],[96.89493264582539,34.791003323524],[96.88112278974714,34.792234078911],[96.8772121638233,34.79526622628039],[96.87278868520183,34.79639884507062],[96.8688780668088,34.79943104915184],[96.86666640845031,34.80000178261841],[96.85616072444967,34.80060377749335],[96.85075627886222,34.80461253114483],[96.84234196494313,34.80336845602914],[96.84166864425644,34.79166774428277],[96.8383510546491,34.7908161062064],[96.83749939655371,34.78749849735798],[96.83658084837762,34.78391784417855],[96.82721224949276,34.77556593653898],[96.82278880729595,34.77443335614163],[96.8174111667516,34.77026406092981],[96.8144547944374,34.77140112397221],[96.81054415831235,34.774433332918605],[96.80501932329034,34.77585131980426],[96.8033159095018,34.782482009398656],[96.79779111679676,34.783900021752466],[96.79387600723247,34.78693221843187],[96.76250179165865,34.78749848567997],[96.76306809044056,34.78529121922503],[96.77140212700311,34.77593605398227],[96.77026505841766,34.76862316237852],[96.76723289137527,34.76471246603409],[96.76610030762839,34.7477902161396],[96.7587963003997,34.739589919623334],[96.76306809044056,34.734078469915566],[96.76193100475015,34.73112210086995],[96.75889881940614,34.727211474769476],[96.75762351085649,34.71755300488448],[96.75063614502739,34.71576045470428],[96.74943213955893,34.69779031504774],[96.74639996811284,34.693875222638134],[96.74583365183342,34.69166797710749],[96.72674424777185,34.69131122127894],[96.72325724197594,34.687855432926604],[96.71911919295908,34.687146403114106],[96.71458426594145,34.69165458770517],[96.70658910211652,34.683686146249094],[96.69757723312254,34.68298163547516],[96.6899254350522,34.67535209780852],[96.68578740436311,34.67464759031109],[96.68159138401613,34.678812382758096],[96.67674434462265,34.67952141356719],[96.67291846928599,34.68332048964867],[96.6690924953909,34.6795213715608],[96.65833269643356,34.67916460822949],[96.6590550878086,34.667441662245416],[96.67397077441329,34.66592110604537],[96.67596399311054,34.65929930790463],[96.68397697722813,34.656886975798514],[96.68241186535805,34.65097869762943],[96.67497855281175,34.64874020121794],[96.67147811429565,34.64379952151415],[96.67013152252773,34.62187414596715],[96.66453082916333,34.62018854136746],[96.66041066407303,34.6172678620323],[96.65063182628465,34.62564207774727],[96.64545482706606,34.62323862912337],[96.64231118889958,34.61880180346224],[96.6408307511507,34.609098767806444],[96.62435882680363,34.60741771888407],[96.62564307354059,34.597866337473405],[96.63268846564635,34.58963477173009],[96.633977119028,34.585362987505775],[96.6381418985532,34.57949033317347],[96.63685772729326,34.577033426423895],[96.633977119028,34.572966725000875],[96.63333499038983,34.54999784876685],[96.63090921106777,34.54964558407499],[96.61492333016008,34.53368651415721],[96.59828646644416,34.53298195521935],[96.59409046720198,34.53714669468085],[96.58749986014531,34.537499044696006],[96.58693355807185,34.53971069558018],[96.58293822021636,34.54486546997062],[96.57695415423865,34.546399345718264],[96.57304350047491,34.54943152599344],[96.56029045820826,34.55056866594368],[96.554801326403,34.555143651518634],[96.55353047426068,34.57409488703989],[96.54999889747624,34.57500007657339],[96.54914713707926,34.57831760714444],[96.54362232992106,34.579735602833004],[96.53971168813213,34.5827677829978],[96.53528827581636,34.583900444659825],[96.53137765849786,34.58693259877497],[96.51445540139412,34.58806520077751],[96.51054476557213,34.59109739425371],[96.50195648666846,34.59223447773337],[96.49804588979067,34.595266693034134],[96.4936224533902,34.59639930706949],[96.47720849816297,34.61193481302758],[96.45923835020295,34.613138764887],[96.45748142312671,34.61998342765782],[96.45073930665075,34.62171360605113],[96.4494327385677,34.629913865721406],[96.45359755932726,34.63529150916328],[96.45416828232165,34.637498796958546],[96.45200565969246,34.636883478102554],[96.4479924720984,34.63394933288254],[96.43847227406968,34.63256701203497],[96.43688034986009,34.62700652746114],[96.4256166807453,34.61465932622382],[96.42420759405621,34.60496073635098],[96.4145046054679,34.603547172435356],[96.41049145064544,34.60061756323727],[96.40509142166384,34.59907469124627],[96.40354859503569,34.593674782770535],[96.39644974120897,34.58549230696893],[96.39486229149195,34.57993629064279],[96.3853420905961,34.57854948013048],[96.38132893097956,34.57561537650467],[96.37283878337524,34.574384696788286],[96.36752797110059,34.570500792078626],[96.36604752571047,34.56033854143689],[96.36238662828562,34.55532647508808],[96.35833329501877,34.55416711521925],[96.35380286049399,34.55300328914163],[96.36193185218467,34.5438755108379],[96.36306887981202,34.53454711287401],[96.35612161105011,34.53276790649808],[96.35066814634776,34.52821516175787],[96.34943297250317,34.51592138010246]]]},"properties":{"roi_id":"ZE_HYBAS6_V1_SB04","roi_version":"hybas6_v1","subbasin_id":"SB04","name_cn":"鄂陵湖上游南部单元","name_en":"Southern upstream unit of Eling Lake","hybas_id":4060621070,"next_down":4060628060,"pfaf_id":432996,"area_km2":5647.286701492855,"hybas_level":6,"source":"HydroBASINS","source_asset":"WWF/HydroSHEDS/v1/Basins/hybas_6","source_version":"v1c","boundary_type":"hydrobasins_subbasin"}},{"type":"Feature","geometry":{"type":"Polygon","coordinates":[[[97.27026403567719,34.69898984918064],[97.28693218228133,34.68137634749641],[97.28806926229856,34.676957404494026],[97.29943106465221,34.66471265711002],[97.30056810736514,34.651955180578355],[97.30360031449399,34.64804454813177],[97.30416664460715,34.645832880109275],[97.30740839073117,34.644905364193676],[97.3089512355949,34.63950537985481],[97.3160501248245,34.63132739712221],[97.31728531297871,34.62426421090644],[97.3089512355949,34.61465931356509],[97.30771603437572,34.60752915357477],[97.32021495872684,34.593826366852944],[97.3214500578746,34.58950551322368],[97.33416748045417,34.5757045976322],[97.35215993274072,34.57438465836166],[97.36181386267556,34.5658187179109],[97.36318730139027,34.54247539425976],[97.37299284686266,34.541048471565844],[97.37708184765282,34.5380608237061],[97.38117084607954,34.5410484319309],[97.39484687010616,34.54238171001959],[97.39583235216749,34.54583307801693],[97.40326569835636,34.54649298200455],[97.40416642498334,34.5499978724244],[97.40662335737547,34.549641133427116],[97.41631304013343,34.539924714105666],[97.41666531307753,34.53333423921657],[97.41666531307753,34.529164906246834],[97.41028879332606,34.52859862059177],[97.39588142458055,34.515123227745995],[97.39943081428872,34.510543702890565],[97.40056796109995,34.50612480356846],[97.40360008760817,34.50220971143118],[97.4050180844654,34.49668481600808],[97.40833120255337,34.49583317550275],[97.40744386673781,34.49237288753677],[97.39671970230096,34.49095937083711],[97.3949137560867,34.483918486325294],[97.3855452431121,34.47556652861762],[97.37956114115323,34.474032652718556],[97.37556573755721,34.46887788158855],[97.37378656908832,34.461930600948996],[97.3644581339877,34.46306772601643],[97.36054299694631,34.46609985996078],[97.3583313003054,34.46666621705708],[97.34674214865039,34.46729042350527],[97.34583245485403,34.470835453464815],[97.33507710068251,34.470478688281325],[97.3315900557675,34.46701841950975],[97.32916878283922,34.46666621537163],[97.3285980420641,34.45612487663023],[97.32443327084881,34.45074721387487],[97.32556587154212,34.447790833839505],[97.32859804206412,34.44387571838156],[97.32973507909453,34.439456747307155],[97.34171673275347,34.4265476861902],[97.33554530563777,34.42140186358594],[97.3311218780491,34.42026475892861],[97.32721129460626,34.417232575915776],[97.32278783267644,34.4160999522491],[97.31887723460295,34.413067798275655],[97.31316061044392,34.41160075440033],[97.3119343936359,34.39779092015012],[97.30776512569949,34.39241320000878],[97.30890222578228,34.38528757696891],[97.3119343936359,34.38137695793098],[97.31306695061967,34.376957986134975],[97.31609913979925,34.37304291272359],[97.3166654918642,34.37083117967807],[97.31751712950654,34.36751811131836],[97.32083472985789,34.36666639758964],[97.32742526597292,34.367018677370595],[97.33090781264809,34.37047890324641],[97.34408892279802,34.37118792787468],[97.34828498020102,34.375352672942896],[97.35242302376159,34.37464816296968],[97.35591006485204,34.37118793315075],[97.3583313003054,34.37083121328737],[97.35897787886068,34.368699766955686],[97.36185845922446,34.3646329990589],[97.36327649631455,34.35073848009238],[97.38130013864549,34.349356130344624],[97.38536687761069,34.34647554198112],[97.39616233389539,34.344830195497074],[97.38685615725471,34.33396776526867],[97.38814483091267,34.331198716744204],[97.39102548831369,34.327136440385644],[97.39263076262668,34.32179893250914],[97.39903400918631,34.31986810909047],[97.40064376056232,34.31453054421488],[97.40352428486933,34.31046837599417],[97.40542836953416,34.30414532610248],[97.41036460355933,34.30064495997593],[97.41463642725687,34.299356216416264],[97.41869863162515,34.29647571254807],[97.42916862822099,34.29583356423931],[97.42916862822099,34.29166879452891],[97.4324816769562,34.29251603354165],[97.43418505064311,34.2991511410054],[97.43749817668284,34.29999837456915],[97.43785938872459,34.29754141096934],[97.44341100393184,34.292021023392955],[97.44825802713278,34.291312012873426],[97.4517405480695,34.28785176964419],[97.46666517228681,34.28749952691276],[97.46723591094967,34.25612082588748],[97.47026809626477,34.25221014287844],[97.47149435041993,34.23840036705488],[97.47858438056528,34.236580997711194],[97.48693181271206,34.22721242480237],[97.4881178967285,34.205157724172615],[97.49362492380095,34.20056930161535],[97.51471203238702,34.19943225814059],[97.51862259133487,34.19640003387817],[97.53659283945534,34.19519610698313],[97.53806878696525,34.18945726740006],[97.54526575259652,34.18137732954452],[97.54675510993786,34.175584979797534],[97.55612369430985,34.16723308764661],[97.56164846025376,34.16581511317162],[97.56250016768328,34.16250196872837],[97.57916827313478,34.16250201435647],[97.58235207870048,34.163482948069934],[97.58398861153603,34.168789347718324],[97.5881533475321,34.17475560835994],[97.58684240218757,34.18545743823884],[97.57870899021512,34.19502220223033],[97.59166716027558,34.19583378949042],[97.5922825196528,34.197991959956106],[97.59521663466067,34.20200517354624],[97.59663460577607,34.21176613189786],[97.60416606104586,34.21250188763452],[97.60473230973558,34.21470913701535],[97.60776448645295,34.218624236866226],[97.60918254778889,34.22414905345346],[97.61471178191061,34.22556704895079],[97.61862243783517,34.22859927173425],[97.62438361887189,34.23007966273404],[97.62556527172447,34.25491239129487],[97.62140044825742,34.26029009548758],[97.62083414680504,34.26250177114125],[97.62325990875428,34.262854075689056],[97.63297629690634,34.272543696201076],[97.63333298605492,34.275000656918245],[97.63575876889746,34.27464835272245],[97.63995474214545,34.27047911325044],[97.64409277918534,34.271188125330035],[97.64757539280838,34.27464833786292],[97.6524224031433,34.275352885956124],[97.65590940558415,34.27881319572805],[97.6708340712243,34.279165472014604],[97.6711863166095,34.28159117652677],[97.67464659655198,34.285073724235396],[97.6753511274498,34.298259301155646],[97.67881136472388,34.30174189643263],[97.67952040943175,34.31909224961226],[97.68298060416578,34.322574790448975],[97.68368513605103,34.331591101441745],[97.69964877566142,34.34757693765881],[97.7000010001831,34.34999828160324],[97.69648728351626,34.35097928599576],[97.69522980038501,34.37717200843489],[97.69227342464285,34.38115843209274],[97.69106049513906,34.38967090120304],[97.67977009226517,34.401995845435984],[97.67856168530689,34.418837903560586],[97.67560526709752,34.422828734408114],[97.67439684917157,34.42717193941923],[97.67144044114363,34.43115840144788],[97.6699244019888,34.43659398379613],[97.6644932122015,34.438105681578065],[97.6605067991935,34.44106203788087],[97.65082159597866,34.44243987781252],[97.64939465853888,34.45054203807635],[97.65356396710192,34.45616050836776],[97.65416588262383,34.466666219893256],[97.65416588262383,34.47083548702774],[97.65359964644993,34.473042661642396],[97.6505674635563,34.47695780814099],[97.64943480575965,34.484078935157434],[97.65359964644993,34.4894566700646],[97.65473220616788,34.493875606554646],[97.671511818093,34.511604982301854],[97.6783163958141,34.51335293274421],[97.67973439957345,34.51887780597591],[97.68286465978275,34.522917718444724],[97.67973439957345,34.526957696931774],[97.67859729458893,34.53137669316833],[97.67460196325119,34.536531409170536],[97.66862235185455,34.53806533333518],[97.65899960694941,34.546796201674226],[97.65776440412417,34.55908106521705],[97.66193371504751,34.56445425871602],[97.66250001870182,34.6166658599514],[97.66341406234005,34.620224261356434],[97.67916812213133,34.620835177757144],[97.67916812213133,34.63749881245555],[97.68137537123816,34.63806512465631],[97.69362453551892,34.64943133385061],[97.70220824229808,34.65056844724915],[97.70763050764091,34.6550854918077],[97.70902176411654,34.66561343465952],[97.71324458222942,34.667232074086954],[97.71862220950561,34.66306725287806],[97.72304563965714,34.66193471966534],[97.72709005319817,34.65879547303971],[97.73529030417984,34.666099518605165],[97.74387860215707,34.66723206022058],[97.75612324124651,34.678598375181394],[97.76164807574611,34.680016292345734],[97.76306610262104,34.68554565313863],[97.7661963425417,34.68958111754816],[97.7629590635228,34.693763737546575],[97.7744323230692,34.70612440247743],[97.77499862139977,34.7166657009983],[97.7815892115003,34.717017930236445],[97.78578519453717,34.72118723352233],[97.79825734130118,34.72047825541975],[97.80590910148528,34.71285316634104],[97.81075616092117,34.71214860810202],[97.81424321552028,34.708688324213256],[97.81666445802698,34.70833164842982],[97.81666445802698,34.70416679335927],[97.81909026398577,34.70451911999209],[97.8267420325803,34.71214864215952],[97.83158910500978,34.71285315204023],[97.83714066501628,34.71837799464246],[97.83785412464009,34.72325626748106],[97.8413143726382,34.72674324205103],[97.84201890970147,34.73992436636262],[97.84547919445313,34.7434069101915],[97.84583148275092,34.76250074237608],[97.85416555233388,34.76250078262398],[97.86075603086645,34.76214847662256],[97.86424304944967,34.758688223537824],[97.8833325144252,34.75833151390379],[97.88992303297256,34.75797921888251],[97.89374896904505,34.7541801044292],[97.89828834456556,34.758688278557436],[97.91075597836523,34.75797927079397],[97.91424294833341,34.75451902305862],[97.92499830671987,34.75416668647943],[97.92535505982147,34.75174099590879],[97.92881531641106,34.748258384748574],[97.92952429158265,34.7433756624762],[97.9350759152898,34.73785536261997],[97.93750168077652,34.73749859941626],[97.93841578995165,34.73393136089844],[97.95833459289878,34.73333383064163],[97.97083346722738,34.733333806609835],[97.97325919397286,34.73298152855039],[97.97674171969537,34.72952131455592],[97.98575808489534,34.728812284668216],[97.98924063334636,34.725352047374194],[98.00242620510865,34.724647468351215],[98.00662220718797,34.7204782290822],[98.02325911953008,34.72118721616781],[98.02708500908341,34.72498639205523],[98.03091093478363,34.7211872188415],[98.03333219219503,34.720834960463144],[98.0357579418342,34.72118721268542],[98.03924049048445,34.724647488366536],[98.04583550303474,34.72499972571577],[98.04960348336756,34.72403208235753],[98.05359884720309,34.718877397328036],[98.05501684894814,34.713352541199995],[98.0583343971524,34.71250089265239],[98.05868664945376,34.70591032243759],[98.0704809714264,34.694089251048624],[98.07083319948282,34.69166795968899],[98.07720973895758,34.69109721307677],[98.0812496808019,34.68796694851119],[98.08528968088359,34.69109715959485],[98.1174130432838,34.692234285525295],[98.12386083326177,34.68723558921189],[98.1249979632876,34.69166792433499],[98.13750122990876,34.691667966915496],[98.13871416830395,34.68693243013759],[98.16471071419409,34.68806942642382],[98.16862134952413,34.691097192439386],[98.17499786255948,34.69166792982872],[98.17716048805184,34.691048124504896],[98.18117369764397,34.68811847802319],[98.18672970888314,34.686526644484275],[98.18830376624248,34.67573559125939],[98.20215822946001,34.67438448489457],[98.20617138927916,34.67145039555446],[98.21466150464406,34.6702152075198],[98.22283952329708,34.66311636524674],[98.24166586360204,34.66250094516212],[98.26075974618861,34.66214870312841],[98.26495577389244,34.657979485076766],[98.26908933527568,34.65868845893852],[98.2732853354575,34.66285322136858],[98.27742337131103,34.66214874372101],[98.28091043679291,34.6586884774618],[98.28750097045487,34.65833171666095],[98.28685881918696,34.63953215633643],[98.28268960669469,34.633655016492135],[98.28397826853032,34.631198059057745],[98.28685881918696,34.627135879320875],[98.28814304378152,34.61452996479605],[98.29518842744577,34.60630290749985],[98.29660643845429,34.59243956592823],[98.30416461047471,34.591668135237704],[98.31249867226568,34.59166819822788],[98.32916676547838,34.59166815994923],[98.32973307349684,34.5938753952008],[98.3343125808151,34.59936901062529],[98.35221147541478,34.60056854477871],[98.35625134957303,34.60369879597428],[98.36029135944374,34.600568554721015],[98.36471030857533,34.599431422263784],[98.38112427828833,34.58390040375409],[98.40221135869339,34.58276779903626],[98.40719659365234,34.578901774077245],[98.40923443071735,34.58683894716249],[98.42304426599088,34.588065202524334],[98.42695485233571,34.59109739952497],[98.44260183343292,34.5922344644744],[98.45195703781658,34.58390039276783],[98.45637605049583,34.58276780197318],[98.46029113763497,34.579735595942786],[98.47596039165529,34.578598516012455],[98.48684504596115,34.588470962233],[98.48750056018125,34.59583292699994],[98.48536463314134,34.59647508093259],[98.48130237714732,34.59935561763578],[98.47703060044068,34.60064434075016],[98.4707833816197,34.60553594644972],[98.48268917838219,34.61869919796107],[98.48397786635894,34.62115622299387],[98.47918881460487,34.627902856865155],[98.4720809914997,34.6300476720083],[98.47019030123799,34.633655049426096],[98.47497492887024,34.640406149963],[98.4825687679879,34.64268918091509],[98.48397786635894,34.65448794055362],[98.47980859254197,34.66036507804086],[98.478524413636,34.66463688855688],[98.47564381974753,34.66869917301223],[98.47423027252144,34.68256250350463],[98.4593636392243,34.684078613107964],[98.45833361041163,34.68749868320888],[98.46185627531207,34.68840390907612],[98.47443096229145,34.70195510893813],[98.47613873081991,34.70859916828804],[98.4825866034514,34.70360052414292],[98.4990139375168,34.70480445124071],[98.50776720362457,34.71445397185183],[98.50889976571492,34.7188773665142],[98.51193199309499,34.72278806785297],[98.5130690574136,34.731376277048476],[98.51610120096373,34.73529132466924],[98.5172338881016,34.74387512403464],[98.52443084000463,34.75195497153369],[98.52570616587641,34.76158219874385],[98.53112398535323,34.76609929574843],[98.53554295060198,34.7672318805431],[98.53945804537555,34.770264045799266],[98.54166522514113,34.770834877430985],[98.54387699461358,34.77026405513756],[98.54925463024209,34.766099316290635],[98.55221103428254,34.76723189261349],[98.5575886748874,34.77140114812223],[98.57304398188901,34.770264043424234],[98.57695455881121,34.76723191544022],[98.5824838688785,34.76581390792416],[98.5841827606148,34.759183202583095],[98.58750032893384,34.758331551617864],[98.61249809550267,34.75833153169556],[98.6130688059368,34.76054326044578],[98.62443064112011,34.77278792862818],[98.62556771475279,34.77721132203046],[98.6285999100838,34.781121976727015],[98.62973251541152,34.78554542173859],[98.63693392939382,34.79362085933377],[98.6380665744921,34.806378301977624],[98.64109876295754,34.81028899270386],[98.6422358332018,34.81471243531333],[98.65058325745069,34.824080993724955],[98.65637565054476,34.82556585749243],[98.6618692620065,34.83014980651144],[98.66306875227028,34.84878439500756],[98.6544626520323,34.85099164511712],[98.65502452848708,34.8535021172992],[98.66887896270903,34.85473284925405],[98.67278958890599,34.85776503914102],[98.71887884739526,34.85890210313747],[98.72278950162129,34.86193427365181],[98.75221065305654,34.86306689601582],[98.77410929930484,34.884029120776404],[98.77585279116096,34.890815895788364],[98.78137763865166,34.89223389226307],[98.78945752946149,34.89943083205122],[98.80221051149704,34.90056794321776],[98.80612118271951,34.90360013396969],[98.81054460674164,34.90473276044019],[98.81604711896522,34.90932564521263],[98.8166669434287,34.92083458038903],[98.82083175391062,34.92083451646909],[98.819984476101,34.92414764194166],[98.81445519357665,34.925565615266684],[98.80637530286938,34.93276711638235],[98.80416805078032,34.93333339548478],[98.80359734897876,34.935545124867595],[98.80056514042312,34.939455724613715],[98.79943253866409,34.942412096870775],[98.80359734897876,34.94778977811142],[98.80473438418475,34.95220875402111],[98.81286775799313,34.96133652564224],[98.80833286319901,34.96250041004731],[98.80833286319901,34.96666515977327],[98.81054460674164,34.96723595656325],[98.81306841424767,34.969617130285606],[98.80833286319901,34.97083446111394],[98.80833286319901,34.97499921909466],[98.79757752913223,34.97464699687472],[98.79409053074392,34.97118671210155],[98.76495026671502,34.97048213888283],[98.75658948220087,34.97881175909528],[98.75174243186567,34.97952080258607],[98.7440906280942,34.98714585493791],[98.73750010151456,34.9874981427944],[98.73806636677513,34.9938790660728],[98.74109856118908,34.99778966992272],[98.74251656679617,35.00331451655379],[98.75026644449947,35.00530331520002],[98.74640044099222,35.010288599703244],[98.74583411451287,35.01250028387677],[98.74548188506728,35.01492604420697],[98.7420216019896,35.01840855483149],[98.74166485288765,35.020834314110445],[98.74109856118908,35.02304163982001],[98.73275111451952,35.03241466957003],[98.72695429767012,35.03389951327742],[98.72304368380536,35.03693169335853],[98.7133852671392,35.03820701714681],[98.71193159939915,35.0438790121745],[98.70737440994444,35.0493458468779],[98.69999900747618,35.050001321178016],[98.69757772887917,35.0503535786833],[98.67952282747952,35.06838173192216],[98.67916611645678,35.07499903843252],[98.67695436048237,35.075565315610405],[98.67304377350827,35.07859755008297],[98.66862479192854,35.07973458368095],[98.664709678014,35.082766787657576],[98.65612143736008,35.083899390239495],[98.65221082355247,35.08693163321806],[98.64255243026872,35.08820687673573],[98.64166507233746,35.091667178974966],[98.63750029179569,35.09166714485396],[98.63750029179569,35.08749787894473],[98.63688048178113,35.08533967892842],[98.6339508211353,35.08132650830612],[98.63233220185602,35.07021445845679],[98.59367174671831,35.07144963916802],[98.58965859530228,35.07438365346596],[98.57916626806974,35.07499907449357],[98.56841099076507,35.075351337521006],[98.56492392204854,35.07881155500305],[98.55174286293747,35.07952057261826],[98.54825580661537,35.08298083141073],[98.51424182476323,35.08368534964726],[98.50659001377196,35.09131492455766],[98.48924404809895,35.09201944756837],[98.48159226187708,35.09964448947553],[98.4684066510632,35.10035345880046],[98.4628595643782,35.10587831637823],[98.46249834528632,35.1083352633551],[98.449731977487,35.10753265308518],[98.45351329679411,35.102123773050224],[98.45482425218127,35.09142187879497],[98.45065500458979,35.085455662502945],[98.44934403830864,35.0812105794118],[98.44508562744451,35.075716925543006],[98.41642247200832,35.07434352826629],[98.41045618922563,35.078512791643995],[98.40621111386564,35.079823833841445],[98.40212219328389,35.08267761907044],[98.39787708936113,35.08398859622369],[98.39378812300905,35.086842439753035],[98.38120898669123,35.0881533509128],[98.37712444532622,35.09101169630664],[98.3624985440197,35.09166713125633],[98.36214633644259,35.09409287274038],[98.3545212377724,35.10174030109191],[98.354164554024,35.104165992406834],[98.33425015501983,35.104763558954076],[98.33333157428368,35.10833532546234],[98.33112433607569,35.108901603652775],[98.32720924649745,35.11193379606293],[98.3061221895198,35.11306637136872],[98.29699441875051,35.12119975152871],[98.2958349943312,35.11666489265424],[98.28954321390714,35.117320410888134],[98.28545427365647,35.1201786918966],[98.28308644968017,35.12148960769717],[98.27708451060322,35.11729360545725],[98.27295534467612,35.12017869256208],[98.26871026833972,35.121489642910454],[98.26462131187058,35.124343435626585],[98.25621141783196,35.12565443091553],[98.24795765548623,35.13267749574084],[98.23537853160278,35.13398847398468],[98.23128950426066,35.13684676638005],[98.22287965926733,35.138153261059834],[98.21462137316094,35.14517639265455],[98.21037632026703,35.146487317016636],[98.20548022621746,35.14990747005383],[98.20350930015424,35.15628843776197],[98.19972801653186,35.161706235572616],[98.17990734965994,35.16325802489599],[98.17851159851985,35.18391702797296],[98.18684563735061,35.193709198772765],[98.18815664261568,35.197954296481434],[98.19101051000504,35.20204331732277],[98.19232142293544,35.21045765915283],[98.195741567219,35.21535369575002],[98.20410684571127,35.217935544895454],[98.20065553037854,35.22287623790208],[98.20000003821951,35.224998752163216],[98.19757423429513,35.225355459781994],[98.1940916971967,35.22881130453305],[98.17083306633558,35.229167988521226],[98.16840731058139,35.22952027659347],[98.1649247423224,35.23298052304124],[98.15590842250053,35.23368503489127],[98.15242586593479,35.23714533184745],[98.13750122990876,35.23750203004402],[98.13683688526616,35.24493538750543],[98.13001893024627,35.24668332777129],[98.12827987368568,35.25345672862725],[98.11862139800215,35.25473202829884],[98.11346674075136,35.258727380639506],[98.11193278720114,35.26471148527106],[98.10683600437473,35.27082044008798],[98.10221191759209,35.26723533476025],[98.09668266015463,35.265817354027014],[98.09526467695277,35.26028807991574],[98.09223246979417,35.25637744368572],[98.09081449011349,35.2508525864189],[98.08750136984273,35.25000094378591],[98.08418382001624,35.25085263714934],[98.08333207376961,35.254165738621985],[98.08001896167045,35.25501741937134],[98.07916726427985,35.258335011770576],[98.07881499576648,35.27742442894426],[98.07535477718935,35.28090694616584],[98.07499803038262,35.287502000618574],[98.07720973895758,35.28806826563301],[98.07973364567913,35.290453919336365],[98.07499803038262,35.291666735376474],[98.06840752363215,35.292019015452276],[98.0649249042494,35.29547928201169],[98.06007344619071,35.29618826208627],[98.05659089419687,35.299648589614144],[98.05000031268258,35.300000820642516],[98.04964360739916,35.297543855047174],[98.04409205128663,35.29201901516583],[98.02499815781361,35.29166678476668],[98.02409293398212,35.28812179864142],[98.01249928332582,35.28750196981249],[98.01028755490614,35.286931177455536],[98.00637694769634,35.283899038677994],[98.00342058818867,35.282766383765704],[97.99804286377734,35.28693116709583],[97.97425359012905,35.28806825660069],[97.9688758820156,35.28389904408861],[97.95506603574404,35.28267275717719],[97.95331812747997,35.27585031503028],[97.95000050266914,35.274998629153956],[97.94934053741194,35.28243199949956],[97.9436239743824,35.28389897404721],[97.93554409011264,35.29110043395455],[97.92588566375066,35.29237580070064],[97.92443205934835,35.29804326580897],[97.91933977379004,35.304152212828555],[97.91471123622226,35.300567127330176],[97.91028779945628,35.2994344784297],[97.9063771505733,35.29640231509256],[97.90342075229213,35.29526528469672],[97.8980430396287,35.29943455245581],[97.88423322424256,35.30066081079548],[97.88276618182108,35.30637732562133],[97.87820454041604,35.31184420797686],[97.87083363043219,35.312499681798336],[97.86840788495188,35.312851922783615],[97.86492531218826,35.316312201068584],[97.86249960184107,35.3166644862326],[97.86158546716273,35.3130972082584],[97.84166664029685,35.31249966678679],[97.84077933419488,35.31595996621981],[97.83112086500097,35.3172352443668],[97.82304541417015,35.324432255785474],[97.8198973078178,35.32556927446864],[97.81054210443473,35.31723528941511],[97.79925170731967,35.31609819716769],[97.79387846453434,35.320267478287434],[97.78112097006635,35.3214000588872],[97.76887630565746,35.33276627686626],[97.76445729401522,35.33389891769123],[97.75930258602712,35.33789425936122],[97.75776425573184,35.343878383312365],[97.75473204834795,35.34778903441426],[97.75331402316193,35.35331383903225],[97.75000090456851,35.35416550622132],[97.74778917825506,35.353599225836426],[97.74387860215707,35.35056703612769],[97.73945510588287,35.349434446502556],[97.7355444950687,35.34640226329461],[97.72695630191998,35.345265117265825],[97.72304563965714,35.342232950110265],[97.71445739790856,35.34110033633704],[97.71054229405605,35.33806813326216],[97.68675304211395,35.33693112810518],[97.68137537123816,35.3411003268458],[97.67695638798558,35.342232944487385],[97.66471171019836,35.35359919579254],[97.65907097121085,35.35504841455524],[97.65776440412417,35.36324868923045],[97.66193371504751,35.36862192117322],[97.66250001870182,35.37499840613418],[97.66250001870182,35.38750180204835],[97.63749777711209,35.38750173898495],[97.62916819527612,35.38750172420651],[97.62881144466489,35.385076035763426],[97.62535119909582,35.38158903556279],[97.62464667557192,35.3767419331617],[97.62118638841542,35.37325938483596],[97.62083414680504,35.370833678120704],[97.62048190697453,35.36840789603641],[97.61214782134138,35.36004705666253],[97.61285238400069,35.33924092517802],[97.61631258835946,35.33575834984404],[97.61702157832318,35.318407971527314],[97.62048190697453,35.3149254353752],[97.62118638841542,35.30174437470006],[97.62498553113525,35.29791845704071],[97.62118638841542,35.29409253208602],[97.62048190697453,35.264243320261926],[97.61702157832318,35.26075628008894],[97.61666488985779,35.25833495517486],[97.61007430069964,35.25797826638848],[97.60659173903365,35.25451796434641],[97.58995485221905,35.253813493743564],[97.58575882954027,35.257978222845125],[97.56250016768328,35.25833499284582],[97.56162622109099,35.266918754122045],[97.55630200702808,35.263141936170385],[97.55416608725416,35.26249977020278],[97.55331439954134,35.25918220782314],[97.55000132395894,35.25833501832118],[97.55056762712542,35.23112109678752],[97.55359983734175,35.22721049048358],[97.55473242445836,35.21862222434795],[97.55776465156458,35.214711588410324],[97.55890168825435,35.21028817407368],[97.56306649029402,35.20491496913845],[97.56190714605779,35.15924927628416],[97.5539030491282,35.15719812285524],[97.55890168825435,35.15074576547203],[97.55776465156458,35.1436246475343],[97.55473242445836,35.1397094974469],[97.55359983734175,35.11862243589071],[97.55056762712542,35.11471179438015],[97.54943056184028,35.11028837063687],[97.54640283217003,35.10637772558268],[97.54526575259652,35.10195428144623],[97.54110094586648,35.09658106982961],[97.54233614570289,35.084282866216014],[97.54778963661165,35.079734627375394],[97.55000132395894,35.07916832003296],[97.55056762712542,35.07695661965147],[97.55776465156458,35.06887671888478],[97.55890168825435,35.06445770091688],[97.56276323842894,35.05947242417709],[97.55501778543356,35.057483728409466],[97.55359983734175,35.051954385689896],[97.55056762712542,35.04804375648634],[97.54939038962209,35.02183320026509],[97.54387899869384,35.017235886805636],[97.5416672589071,35.01666512002928],[97.54131500702286,35.01424382735524],[97.53751580915883,35.01041785905684],[97.54618875528404,35.001713688107806],[97.54547982662936,34.99757570771217],[97.54201951258368,34.99409308736484],[97.54131500702286,34.98507681729392],[97.53785473584799,34.98158979172841],[97.53714572724239,34.976742724656916],[97.53334659297671,34.972916854974386],[97.53785473584799,34.968381923482625],[97.53714572724239,34.95174054632792],[97.53298091324079,34.94754452405271],[97.53368549924429,34.94341093229848],[97.53714572724239,34.93992395461102],[97.53749804055353,34.93333337140324],[97.53693167898017,34.93112168062392],[97.52973467097672,34.92304182366461],[97.5283167448311,34.91751694003516],[97.52056679951997,34.91552817631479],[97.52443282225589,34.91054296056779],[97.52499916411954,34.908331211388116],[97.51746770915689,34.90759994567306],[97.51589809841322,34.89680441829821],[97.51033757795601,34.89521704667303],[97.50215962009075,34.88811811090269],[97.4978387407887,34.88688292422914],[97.48966077796862,34.879784037443684],[97.46766398869502,34.8784908996823],[97.46604985642135,34.87284122101784],[97.46170218298518,34.86740110826113],[97.44783881919318,34.8660500560766],[97.43860855697919,34.858037046442725],[97.43653949267026,34.8508088221885],[97.42869590263732,34.8493818783845],[97.42299275718183,34.85355113862233],[97.41666531307753,34.854166529854524],[97.41445798585907,34.85360024408334],[97.41041805848593,34.850469930266826],[97.40538374452102,34.85436715432121],[97.40071510616133,34.853319331689136],[97.39943081428872,34.843620748811965],[97.3963986252141,34.83971010838449],[97.39526608381182,34.831121859505146],[97.39223383205494,34.82721121878749],[97.390815852911,34.8216819984666],[97.38529101262877,34.820263983882086],[97.38125107670547,34.81713371934292],[97.37721113247382,34.820263938507864],[97.35612404406547,34.82140108402926],[97.34804415771683,34.82859804665244],[97.34073120832167,34.82973511786343],[97.33137607128882,34.82140101566113],[97.32916878283922,34.82083475775783],[97.32916878283922,34.812500690950735],[97.32916878283922,34.80833138469361],[97.3316257336456,34.80797467159627],[97.33785514744825,34.801714079245336],[97.33714614267357,34.77254714902399],[97.32742526597292,34.76285305188018],[97.3225470180859,34.762144094211976],[97.30868814804093,34.748258415197384],[97.30833140821896,34.74583269330204],[97.30487563463785,34.74494528652164],[97.30345766198836,34.734221129043306],[97.29779010334208,34.73276752463423],[97.29387501660658,34.72973533936327],[97.28529127665504,34.7285982473255],[97.27591817644664,34.72025081843145],[97.27443330128726,34.71445397540754],[97.27140116495019,34.7105433638665],[97.27026403567719,34.69898984918064]]]},"properties":{"roi_id":"ZE_HYBAS6_V1_SB05","roi_version":"hybas6_v1","subbasin_id":"SB05","name_cn":"鄂陵湖所在及出口单元","name_en":"Eling Lake and outlet unit","hybas_id":4060628060,"next_down":4060660740,"pfaf_id":432995,"area_km2":7987.419676898291,"hybas_level":6,"source":"HydroBASINS","source_asset":"WWF/HydroSHEDS/v1/Basins/hybas_6","source_version":"v1c","boundary_type":"hydrobasins_subbasin"}}]}